customer_id,lifetime_value_usd,rnk,customer_pct,revenue_cum_pct
ea3ada4c-8ffa-4e73-a51f-27711fefa591,2478.0,1,0.001075268817204301,0.0039511133433785366
4fb3b92c-29cc-410f-a898-9784c4c48ac4,2444.0,2,0.002150537634408602,0.007848014477848731
99facd33-7b11-4955-aa0d-ccd11800beb0,2439.0,3,0.0032258064516129032,0.011736943228655936
8bbf796d-0862-41c6-b533-38d6c2bc9d3c,2384.0,4,0.004301075268817204,0.015538175759170235
bc94ad77-6703-48d9-85d9-7908e7cd45a2,2357.0,5,0.005376344086021506,0.019296357417904378
3ddc958e-73f5-4fe9-804e-d63c8b9170d6,2335.0,6,0.0064516129032258064,0.023019460588521362
0b92fd92-9200-47fe-9b57-9ada88fa5821,2324.0,7,0.007526881720430108,0.026725024515079764
a54f0762-0ac2-4821-bb45-835fd4467f48,2303.0,8,0.008602150537634409,0.0303971044302536
666caf4d-840e-496a-8dd9-6363aa661f8c,2261.0,9,0.00967741935483871,0.03400221632265831
416b65bf-5e91-4b77-a67c-4726f3cb7af6,2237.0,10,0.010752688172043012,0.03756906077348066
dd8d8143-c9cf-4866-b984-3e701c4c3b16,2211.0,11,0.011827956989247311,0.04109444882925546
1397b91c-5312-464d-9935-0a1ace220263,2209.0,12,0.012903225806451613,0.04461664793156506
84b856b5-026b-481a-89c1-32f0842907e2,2188.0,13,0.013978494623655914,0.04810536302249009
6abbe18d-c06a-4f27-8cea-a3dbf5497d76,2128.0,14,0.015053763440860216,0.051498409509459234
53061123-ed71-412b-b513-49b59ab1cce8,2125.0,15,0.016129032258064516,0.05488667256623058
23ab69ea-76cd-42b3-990a-adb46f9491e2,2120.0,16,0.017204301075268817,0.05826696323933893
d2d00ae1-d1b0-46e2-930b-bfaf26cc44ca,2111.0,17,0.01827956989247312,0.0616329036218539
6d1a388a-0c87-44df-9f17-e0d49c469ac0,2106.0,18,0.01935483870967742,0.06499087162070588
67657463-b732-4e9c-b4f5-cadeb5321e69,2075.0,19,0.02043010752688172,0.0682994108408473
270e9066-6312-4eda-9f17-a6de4a4eefa1,2015.0,20,0.021505376344086023,0.07151228145703284
9171b788-9670-478b-97af-405fef7f069f,2005.0,21,0.02258064516129032,0.0747092073058924
bd217042-a43b-44dd-bec1-16cc053f0c4d,2002.0,22,0.023655913978494623,0.07790134972455415
b6837528-0a83-4e70-ae36-250817fb8a91,1972.0,23,0.024731182795698924,0.08104565784123795
001504b2-6c31-4687-afc9-908bb72c9b93,1965.0,24,0.025806451612903226,0.08417880462079357
4959607d-8f64-43ef-9372-06c3a3f8f1e5,1872.0,25,0.026881720430107527,0.08716366506421755
f70eec88-500f-4473-9ae1-ad10f9539f83,1853.0,26,0.02795698924731183,0.09011823044972216
d44b057e-5b14-4e9d-990f-b09169fece9d,1846.0,27,0.02903225806451613,0.09306163449809858
e59d0fca-a727-4945-b1f2-d86afee480ac,1837.0,28,0.030107526881720432,0.09599068825588163
88e444fe-52cf-46f5-8ead-6f64003eb377,1837.0,28,0.030107526881720432,0.09891974201366467
a025198a-69eb-4e84-8a6e-6e832a6de256,1837.0,28,0.030107526881720432,0.1018487957714477
d3d62e16-4ca0-4d5b-9ae8-4c4d6eaf41b2,1792.0,31,0.03333333333333333,0.10470609807626383
e2327f6f-bd59-4a69-9763-270ce8002307,1754.0,32,0.034408602150537634,0.10750281026524121
36ce2acc-e4df-4489-b843-f82ec63ab947,1747.0,33,0.035483870967741936,0.1102883611170904
51462404-21ae-4b6a-b134-bf89e2595ae0,1741.0,34,0.03655913978494624,0.113064345108544
05b08595-9795-4c66-ac62-541e690bfacf,1739.0,35,0.03763440860215054,0.11583714014653242
b924cbf4-be32-4936-97cc-03bfb8a6a00c,1736.0,36,0.03870967741935484,0.11860515175432303
0349eea1-35ba-4fea-a418-5330d745efac,1718.0,37,0.03978494623655914,0.12134446278092686
043e81da-90d5-475d-a4f2-5e92f617270b,1707.0,38,0.04086021505376344,0.12406623456347213
b18cf998-dc82-4c2d-a33d-4b354fdfe6c6,1700.0,39,0.041935483870967745,0.1267768450088892
4968b559-3e6c-45e9-a51f-d5f080bb562f,1668.0,40,0.043010752688172046,0.12943643219886314
d037edf1-1ff4-4dc6-a764-1498eb672336,1665.0,41,0.04408602150537634,0.13209123595863928
25a0a20f-7953-40f7-aad1-31a05f4e92ce,1649.0,42,0.04516129032258064,0.13472052809069385
7ce1dda9-3e99-4c04-aa50-834a43bd83ed,1642.0,43,0.046236559139784944,0.13733865888562022
b81b0fe6-0e85-4f9a-9c9f-bcfa30fc2ec1,1632.0,44,0.047311827956989246,0.1399408449132206
c0a52dae-0b1b-4f79-9bc4-434d873fb3de,1631.0,45,0.04838709677419355,0.1425414364640884
b03e0bda-5917-4cc6-9d3a-db6d9358a50f,1618.0,46,0.04946236559139785,0.1451212998174324
bc29c1ea-80ce-4223-a0af-5f9b97c03158,1618.0,46,0.04946236559139785,0.14770116317077642
faf93d18-ea23-433c-88c3-1d652a057a14,1615.0,48,0.05161290322580645,0.15027624309392265
b4193ac1-6e89-489c-b02a-b1d818b45203,1609.0,49,0.05268817204301075,0.15284175615667328
6a4efce7-1b03-4f41-9dd2-9e24ef0b4609,1584.0,50,0.053763440860215055,0.15536740730110896
301927f6-a7dc-4b6f-88ce-b4bcd0c6e79a,1583.0,51,0.054838709677419356,0.15789146396881204
99aae95a-ea6c-4c77-8073-5aeb26bb3262,1557.0,52,0.05591397849462366,0.16037406424146755
7b9e158d-b79a-46f8-ae1a-95f972799e05,1557.0,52,0.05591397849462366,0.1628566645141231
a36087c6-ab97-4314-aeef-332079b2b01c,1550.0,54,0.05806451612903226,0.1653281034496504
bb8b6d19-17de-4970-8e23-f60238857d7e,1547.0,55,0.05913978494623656,0.16779475895497994
22934a7b-603e-47f4-91fe-f9c9201b1f0a,1545.0,56,0.060215053763440864,0.1702582255068443
e1d8db6f-d5ae-45fa-9f39-e3895d7534e3,1543.0,57,0.06129032258064516,0.17271850310524345
7420a58e-b224-4160-8539-ade128df0bf1,1535.0,58,0.06236559139784946,0.1751660248897818
c786a3e1-60a9-4882-891b-f9f04218fe37,1527.0,59,0.06344086021505377,0.17760079086045938
9031d858-2863-4663-a810-bbc87020f4ec,1516.0,60,0.06451612903225806,0.18001801758707836
62bd2fa7-a2d9-4547-aae0-1a834d5c7972,1505.0,61,0.06559139784946237,0.18241770506963878
13ee1b8e-a3d3-45dc-855b-53ec17caaf93,1503.0,62,0.06666666666666667,0.184814203598734
8588c45e-05b6-47e2-b745-0eabb70c471a,1490.0,63,0.06774193548387097,0.18718997393030543
f4b32a37-f140-4e43-a174-92c5b93a1072,1481.0,64,0.06881720430107527,0.18955139397128348
56ce4a65-1100-4b9b-a0e6-c4eebcbbdd65,1476.0,65,0.06989247311827956,0.19190484162859853
ddc5092d-1c48-47b0-91f0-3e5210739d85,1470.0,66,0.07096774193548387,0.194248722425518
98472919-5043-48ee-ad93-57858ed52529,1468.0,67,0.07204301075268817,0.19658941426897228
84786179-c5b9-4218-9915-4df552974dc9,1465.0,68,0.07311827956989247,0.19892532268222876
c40856a9-cb98-4642-a0a1-e9f9bac15239,1436.0,69,0.07419354838709677,0.2012149912702399
80ae4d74-44e5-4362-821b-64be94fea66c,1426.0,70,0.07526881720430108,0.20348871509092503
3b1a29f0-5b46-429d-957a-d2cf81b3c978,1421.0,71,0.07634408602150537,0.20575446652794718
cecc3f19-8074-4562-be36-571862196a39,1418.0,72,0.07741935483870968,0.20801543453477156
1a5999d7-b0f4-455a-a9a7-772ab3ce9c34,1417.0,73,0.07849462365591398,0.21027480806486332
857a1762-23ea-4fe9-8593-0ea6e481d07e,1414.0,74,0.07956989247311828,0.21252939816475727
2e40e2fe-f50e-4a16-92ae-6800d7e3e047,1401.0,75,0.08064516129032258,0.21476326006712748
6ef8db08-ee2e-435d-ab36-37214a2c87e7,1395.0,76,0.08172043010752689,0.21698755510910206
156a7609-8874-4a3c-814e-3e1d226500c0,1372.0,77,0.08279569892473118,0.21917517718622692
eedbd74b-00e4-4201-8021-316c16846a24,1365.0,78,0.08387096774193549,0.22135163792622356
92497b3b-d08e-4367-9f73-8db9cdca7f7e,1341.0,79,0.08494623655913978,0.22348983122463786
1822bf0d-c245-43cc-aad6-83b6b609e320,1326.0,80,0.08602150537634409,0.22560410737206318
aadfa167-71fc-47a4-bc78-3f3b714b0b2d,1325.0,81,0.08709677419354839,0.22771678904275588
c6f02a81-a6d0-4f8c-855f-a0962d101d75,1320.0,82,0.08817204301075268,0.22982149832978563
5c760ba9-7603-4063-a713-52856b8912ff,1319.0,83,0.08924731182795699,0.23192461314008275
dca98e23-7d05-4e15-994e-01e91a5cb233,1311.0,84,0.09032258064516129,0.2340149721365191
57307958-3c80-447c-a712-3357c2c8d874,1309.0,85,0.0913978494623656,0.23610214217949024
7263d533-33d2-4883-973b-3e0f82524929,1307.0,86,0.09247311827956989,0.23818612326899619
5480c366-0574-41d2-b502-e912a5404985,1305.0,87,0.0935483870967742,0.24026691540503695
0c990efc-ff03-4b72-82e3-1d1d7d453ace,1299.0,88,0.09462365591397849,0.24233814068068213
749ff409-53cf-4bbb-98a6-f9a633d4afc2,1298.0,89,0.0956989247311828,0.2444077714795947
7ea79686-bd59-4443-b16a-8578414c5fac,1295.0,90,0.0967741935483871,0.24647261884830945
5f7b288d-cb7e-461c-bc3d-c07f96c42e96,1292.0,91,0.0978494623655914,0.24853268278682644
6ac030d2-f440-49ca-a535-a3071ba79dbe,1291.0,92,0.0989247311827957,0.25059115224861084
d2180abf-327f-4a2a-84b1-c007612d3514,1289.0,93,0.1,0.25264643275693
b1e89d0c-2fc7-4079-aaff-a974815ac904,1287.0,94,0.1010752688172043,0.25469852431178397
4b048ec2-1d0f-4d6f-8ce0-f5a52db3e5ea,1279.0,95,0.10215053763440861,0.25673786005277716
56ad53dc-bff1-438a-8ac3-e2633e875202,1277.0,96,0.1032258064516129,0.25877400684030516
7017770f-5a64-4fbf-8079-6bf08c4e3093,1276.0,97,0.1043010752688172,0.26080855915110057
21d62395-e0ab-495f-bb1f-dee68a4a9949,1269.0,98,0.1053763440860215,0.2628319501247678
51f0fc04-ddf9-4fc3-8f5a-7045b62ebddc,1269.0,98,0.1053763440860215,0.264855341098435
bbef949a-1c55-468d-b2c2-779f8ea605d8,1267.0,100,0.10752688172043011,0.26687554311863704
c1f9e6b0-9a5a-4aa6-91cf-7e734406b769,1264.0,101,0.1086021505376344,0.26889096170864124
1adbf650-cd61-43b0-a30e-d9f1811850ee,1261.0,102,0.10967741935483871,0.2709015968684477
cd82f240-cc9e-4002-b904-65ea714d1701,1256.0,103,0.110752688172043,0.27290425964459114
91b225e9-53d4-4611-b0ff-a99fc66eb315,1255.0,104,0.11182795698924732,0.27490532794400196
dd4e9016-b712-4d41-87a3-c1dfdb11bd62,1254.0,105,0.11290322580645161,0.2769048017666802
835c5281-694f-40d5-be2c-5e8a4b592592,1252.0,106,0.11397849462365592,0.27890108663589325
33a51363-1989-4967-93a1-b8e225b91e84,1237.0,107,0.11505376344086021,0.2808734543541173
0df9f8e3-6ba6-4d88-9e85-f0a9a090b8a6,1235.0,108,0.11612903225806452,0.2828426331188762
3e8f385c-edd1-455d-8efb-4a784abb54c5,1233.0,109,0.11720430107526882,0.2848086229301699
6420ec84-1818-4372-82fe-fa6393ffefd6,1232.0,110,0.11827956989247312,0.28677301826473095
75e50be4-a514-40c7-abe1-a7826fde24f0,1231.0,111,0.11935483870967742,0.28873581912255947
c11e3cf8-34e6-4814-81dc-dcb00f820457,1230.0,112,0.12043010752688173,0.29069702550365534
ac91c554-cccc-49b9-9d7f-92ab01fa9a2e,1225.0,113,0.12150537634408602,0.29265025950108825
4d0dfa38-62ff-495f-9168-32443029c4af,1218.0,114,0.12258064516129032,0.2945923321613929
8fd2d195-2ebe-4f39-b141-a513fe511841,1212.0,115,0.12365591397849462,0.296524837961302
2f8f7de0-4c62-4b87-8494-6a50d68052ad,1212.0,115,0.12365591397849462,0.2984573437612112
ef9bb238-718e-4c43-99e9-b6f5e8fd4264,1209.0,117,0.12580645161290321,0.3003850661309225
0fbee263-5e0a-4c80-b639-aa607594ef8d,1208.0,118,0.12688172043010754,0.3023111940239012
f2b7ca47-5056-4b9c-9d49-a9b82a21cc30,1206.0,119,0.12795698924731183,0.3042341329634147
f3998bfa-c9da-4b13-b82b-2a284bb4c95d,1205.0,120,0.12903225806451613,0.30615547742619564
41ae501a-5442-4b3c-b856-bc7db26bf3c4,1199.0,121,0.13010752688172042,0.308067255028581
10dd8f06-6bca-45a5-955e-1aa6ef02feab,1196.0,122,0.13118279569892474,0.30997424920076855
ab77f4cb-2c2f-4eb9-8def-e5aa7f317047,1195.0,123,0.13225806451612904,0.3118796488962235
deb58fb0-1a68-4ae5-a32b-a2a2d9b85bf1,1193.0,124,0.13333333333333333,0.31378185963821326
a4e0cf4c-675b-4e18-b2bc-0ea72cf4be88,1192.0,125,0.13440860215053763,0.31568247590347037
93423179-917e-4abd-96cf-1b60df815813,1192.0,125,0.13440860215053763,0.31758309216872754
91de27a5-ebaa-4069-8072-e18a6c5b81dd,1187.0,127,0.13655913978494624,0.3194757360503217
fbdcb13d-222e-499e-b79c-db283dc58eaf,1187.0,127,0.13655913978494624,0.32136837993191586
53ee7d44-519f-4330-98e7-02ae0c8cc8eb,1180.0,129,0.13870967741935483,0.3232498624763818
c616a2a2-5efc-4e22-9db1-50dfa4d331d1,1180.0,129,0.13870967741935483,0.3251313450208478
c6a034d4-09e6-4a19-bfaf-98426843b801,1175.0,131,0.14086021505376345,0.3270048551816508
98042108-ef08-42f0-95b8-198d4dceb1af,1173.0,132,0.14193548387096774,0.32887517638898855
2870761b-f222-4298-8421-60ab448a356a,1173.0,132,0.14193548387096774,0.3307454975963263
33ede8b1-b379-48a7-b28b-fcb75f3db369,1165.0,134,0.14408602150537633,0.3326030629898033
54835e31-4673-45f8-9d00-1756cba2d89e,1165.0,134,0.14408602150537633,0.33446062838328033
f9ebdc77-64f5-45d5-b4a2-dbdcbefbd40b,1156.0,136,0.14623655913978495,0.33630384348616393
7514340a-0e36-4234-90c6-bf1b7f273ba6,1154.0,137,0.14731182795698924,0.33814386963558235
7d7127cd-4b05-4c64-98ea-5ffb20aa06df,1154.0,137,0.14731182795698924,0.33998389578500077
514e7c0d-886b-4233-a9f4-71bb3cd8b42b,1150.0,139,0.14946236559139786,0.34181754402748876
1ad039c2-f9bf-4da6-b294-1fd1a37e7722,1148.0,140,0.15053763440860216,0.34364800331651163
55ed7425-81d6-42bf-9d12-58b604340727,1146.0,141,0.15161290322580645,0.34547527365206926
a56b6c38-ecc9-4926-ae8a-bf9ba3c82e59,1145.0,142,0.15268817204301074,0.34730094951089424
842e7b32-e0a8-4a56-a5b2-b3204190445e,1145.0,142,0.15268817204301074,0.3491266253697193
408058e3-9a67-4828-983e-a828e6d465ea,1144.0,144,0.15483870967741936,0.3509507067518117
12e148cc-1390-43fc-8df8-d4e5856ff936,1141.0,145,0.15591397849462366,0.35277000470370634
53007176-756a-416f-a1f9-6868793ba3e6,1138.0,146,0.15698924731182795,0.3545845192254032
bfa4e38f-4c14-4b00-bb69-c14f0ed448c7,1136.0,147,0.15806451612903225,0.35639584479363484
98489922-6aac-4e73-8fb9-41ea4a6705fc,1135.0,148,0.15913978494623657,0.3582055758851339
a0be461c-d606-43f0-b41e-d281dfbd15d4,1133.0,149,0.16021505376344086,0.36001211802316774
fdd9afd1-7a1b-4a40-b0f8-98ca05cfcc66,1133.0,149,0.16021505376344086,0.3618186601612016
eb6593b0-95ca-4ca5-9153-41f1f28ae221,1131.0,151,0.16236559139784945,0.36362201334577027
496a7d79-f30f-4a1d-8b03-0f9c3e8113b3,1130.0,152,0.16344086021505377,0.3654237720536063
982acc04-7140-4f66-b180-394913f2991b,1124.0,153,0.16451612903225807,0.36721596390104677
6f4902f7-6f3e-4ceb-ae24-c987ae028663,1123.0,154,0.16559139784946236,0.36900656127175463
87394bb4-d7b6-4fe4-8052-8daa0a9676a5,1119.0,155,0.16666666666666666,0.3707907807355321
a51d45e4-b69d-438c-b5ab-31123317dec0,1117.0,156,0.16774193548387098,0.3725718112458444
5be99647-7647-4bc0-96a5-a6512b2da5fa,1116.0,157,0.16881720430107527,0.3743512472794241
9fe8cada-90ab-49d8-a0bc-8c9c2c95350e,1116.0,157,0.16881720430107527,0.37613068331300376
8bc307da-f134-42a1-9435-9461c5fbe323,1113.0,159,0.17096774193548386,0.37790533591638564
2569f797-64d6-49a9-843e-865052315731,1112.0,160,0.17204301075268819,0.37967839404303494
93dfc61d-0407-42ea-b068-bc405189576b,1111.0,161,0.17311827956989248,0.3814498576929516
d44802e0-97c8-458f-90c7-3602c8e57650,1110.0,162,0.17419354838709677,0.3832197268661357
cdcd2016-a73d-450e-ba64-3065dcc280e4,1109.0,163,0.17526881720430107,0.3849880015625872
bae4710d-8eaa-4449-a475-c76b52cbec65,1109.0,163,0.17526881720430107,0.3867562762590387
158c98c7-470b-44f4-b684-d12e480a993f,1107.0,165,0.1774193548387097,0.388521362002025
a7129f41-859b-447d-b3cd-56ff47cd3ed3,1101.0,166,0.17849462365591398,0.3902768808846157
7b9dd9df-d95e-446b-9ed5-de52dc14381d,1101.0,166,0.17849462365591398,0.3920323997672064
3325373b-254c-43d3-a99a-28e4cdcd2a7e,1097.0,168,0.18064516129032257,0.3937815407428667
51aa8520-bd57-41d9-acf3-7edc436a2b3d,1095.0,169,0.1817204301075269,0.3955274927650618
b60037d4-c4e7-465a-979d-0e6fed8558b7,1093.0,170,0.1827956989247312,0.3972702558337917
2b0dbbbb-bfb3-4617-bb7a-128faf67e369,1088.0,171,0.18387096774193548,0.39900504651885865
4540cfd5-5c44-45cf-aa01-40baa4846484,1088.0,171,0.18387096774193548,0.4007398372039256
a9cae3f7-9add-44e3-a03c-c8315acf9228,1085.0,173,0.1860215053763441,0.40246984445879475
2fd7827b-e195-4dab-85b2-b082e2c82848,1084.0,174,0.1870967741935484,0.40419825723693126
473d7c15-4c0e-47da-bffc-7d224127e2b6,1077.0,175,0.1881720430107527,0.40591550867793963
b6284cb3-9a5a-4370-96b8-566b854e1cbd,1074.0,176,0.18924731182795698,0.40762797668875017
aa410077-7868-4030-9a3b-7d0088645702,1065.0,177,0.19032258064516128,0.40932609440896733
d3e26dca-2e34-4f05-a7ac-e4abf134729e,1065.0,177,0.19032258064516128,0.4110242121291845
8ee183a4-1139-4897-8d40-ef8254e38b12,1065.0,177,0.19032258064516128,0.41272232984940166
6a8daefa-88bd-434d-aa37-67d0202fe415,1062.0,180,0.1935483870967742,0.41441566413942105
d2d8583a-cf9f-4da9-a0d0-319489a69e88,1061.0,181,0.19462365591397848,0.41610740395270784
8a8f825d-1ed3-4156-bc68-1e3e307322a9,1057.0,182,0.1956989247311828,0.4177927658590642
f11e5c4f-7208-49b5-8715-fcf5a01bec68,1055.0,183,0.1967741935483871,0.4194749388119554
b8209d28-7db7-42f2-a5e8-c763400dc258,1054.0,184,0.1978494623655914,0.42115551728811396
40235270-804f-4503-bea2-abcf66c17259,1053.0,185,0.1989247311827957,0.42283450128753997
e2ba2be1-c78b-4f87-8ef5-b3ec7d19d113,1053.0,185,0.1989247311827957,0.424513485286966
d8fb0a99-4610-4b11-bd73-f7c5f33ff51a,1049.0,187,0.2010752688172043,0.42618609137946156
81fa3c8d-8d09-4f46-b868-10a163a30c41,1049.0,187,0.2010752688172043,0.42785869747195715
989e07c2-2018-4ffa-9fa5-154d4649ba3a,1047.0,189,0.2032258064516129,0.42952811461098755
32cdffe8-461f-472f-9c1f-a1230bbc4025,1044.0,190,0.20430107526881722,0.43119274831982013
1689056a-4691-48c0-9f1b-8bbd1f904cce,1044.0,190,0.20430107526881722,0.43285738202865276
4ae58993-209c-4536-9c9c-f46314f88b00,1042.0,192,0.2064516129032258,0.43451882678402015
fa342754-ae36-4d87-8cde-598df735dd41,1041.0,193,0.2075268817204301,0.43617867706265495
cf76f0a4-71de-4a38-b40b-55c38b30f1a8,1041.0,193,0.2075268817204301,0.43783852734128975
3faf89e7-e90f-4c91-bc7e-3c8642284de6,1036.0,195,0.20967741935483872,0.4394904052362616
7f217761-7bec-4949-aacc-d55582df1a6a,1036.0,195,0.20967741935483872,0.4411422831312334
4912554a-9f45-4d4e-8fff-6754a5065ab2,1034.0,197,0.2118279569892473,0.44279097207274004
e4f21427-e4f9-4fa2-ab3c-8d758d488908,1025.0,198,0.2129032258064516,0.44442531072365327
4e152d85-c663-461f-a5fa-c3d5c1bae98f,1025.0,198,0.2129032258064516,0.4460596493745665
68840dae-413b-4092-ae0f-f613112b68ab,1022.0,200,0.21505376344086022,0.44768920459528194
78207792-e36d-47d8-84ad-3ff5505dfc70,1022.0,200,0.21505376344086022,0.4493187598159974
fe6a439e-7d99-43dc-8a98-e8700602d275,1020.0,202,0.2172043010752688,0.4509451260832476
106b74e6-847f-4708-8292-18153f6b8eaa,1011.0,203,0.21827956989247313,0.4525571420599045
ed717d2e-47ea-4b9a-9d80-61f1c1b657b4,1010.0,204,0.21935483870967742,0.45416756355982874
e135ab75-1ce5-419f-ac7f-c7071f499113,1009.0,205,0.22043010752688172,0.45577639058302044
193a32ee-8711-4820-8547-b3c4122d238b,995.0,206,0.221505376344086,0.4573628949319557
71e58a8c-4ad7-4389-a01d-f1a184412b7d,994.0,207,0.22258064516129034,0.4589478048041584
9ef5a39f-a205-47b2-b931-26be7bdafc2d,993.0,208,0.22365591397849463,0.4605311201996285
325a993a-4a0f-4fcb-9e2f-39fdc13c29bb,992.0,209,0.22473118279569892,0.462112841118366
83e6e52b-2c0c-4830-9817-128e98b93ce1,988.0,210,0.22580645161290322,0.4636881841301731
ab7a89d0-24a6-4635-93e5-efe54296d617,988.0,210,0.22580645161290322,0.46526352714198016
a7b470ed-9750-41ad-a1c6-05a1594eb11f,984.0,212,0.22795698924731184,0.4668324922468569
8694febe-6823-4ec5-8dce-0b3821e19903,982.0,213,0.22903225806451613,0.4683982683982684
c197945f-413b-482a-b02c-944190e9b1dd,981.0,214,0.23010752688172043,0.4699624500729473
51f4a91f-1a36-482f-9a2b-395fe997deb5,980.0,215,0.23118279569892472,0.4715250372708936
1ff42247-182b-4e48-976a-f82eb31a20cc,975.0,216,0.23225806451612904,0.47307965208517694
85b9c820-83a1-4e81-9bc2-7617b2168c83,974.0,217,0.23333333333333334,0.47463267242272766
3f48291d-398f-4d0c-b46b-09e80f413b2a,972.0,218,0.23440860215053763,0.4761825038068132
1f161835-7b61-46a7-b23b-1203fbedaf6b,971.0,219,0.23548387096774193,0.4777307407141661
bf0a3701-b9c9-4d1a-b8cd-1ca1ae700b1a,970.0,220,0.23655913978494625,0.47927738314478646
59c9cdb0-c68f-47f5-944e-dbf40922ae0f,969.0,221,0.23763440860215054,0.4808224310986742
34c1feed-41cc-4a41-bee4-e93e3e969ac1,966.0,222,0.23870967741935484,0.4823626956223641
42982bac-963a-4ca5-af57-843a83ef83c0,963.0,223,0.23978494623655913,0.4838981767158563
48edc392-4cfa-4cdf-81f2-af68642f4f5e,963.0,223,0.23978494623655913,0.48543365780934844
2deb586e-4582-4ac5-bd67-321d5a2a6011,963.0,223,0.23978494623655913,0.48696913890284055
53a8429a-af83-4866-a961-9b7a05e29cfc,959.0,226,0.24301075268817204,0.4884982420894023
103b7697-7821-4f49-9598-91ba405ea16c,958.0,227,0.24408602150537634,0.49002575079923144
9fb1ee6a-9b3b-4d53-9017-cb9373fc5737,956.0,228,0.24516129032258063,0.4915500705555954
17fe13d4-33a0-48b8-96a5-8dc089145f1d,955.0,229,0.24623655913978496,0.4930727958352268
7f63a40d-7ad5-4d26-9c49-f3704ea5cbb7,954.0,230,0.24731182795698925,0.4945939266381255
3d4c2015-b567-4e99-8707-0210c3fdf287,950.0,231,0.24838709677419354,0.4961086795340939
17936fdb-49b5-4c1a-b1c4-7786143f817e,948.0,232,0.24946236559139784,0.49762024347659706
233efa28-f26b-4288-bad6-b57ecde16225,946.0,233,0.25053763440860216,0.49912861846563505
3ad708fc-e422-4550-8851-a7e8459dc367,944.0,234,0.25161290322580643,0.5006338045012079
1aca0e93-c9c7-45f6-9a9a-dbadad52a873,943.0,235,0.25268817204301075,0.502137396060048
af2da76c-f63f-4f91-ba6a-8f16d43ff8e3,942.0,236,0.2537634408602151,0.5036393931421556
ae3a050d-287f-4257-a778-cdb4206aa012,934.0,237,0.25483870967741934,0.5051286344104023
9eab3178-b7e9-46e2-a837-ac3fe737429a,931.0,238,0.25591397849462366,0.5066130922484514
d9562630-28f2-40f1-95f0-bdf601359c7d,930.0,239,0.256989247311828,0.5080959556097677
b4d46686-9a85-4985-ac32-766d6b609e9c,927.0,240,0.25806451612903225,0.5095740355408863
373bd38f-5564-4420-b49d-a41307a64731,924.0,241,0.2591397849462366,0.5110473320418072
f6b1d5bc-06aa-4224-9fc0-f12bf4f26682,924.0,241,0.2591397849462366,0.512520628542728
08e7fb6b-f5ac-4ab6-a058-c34615e6743e,922.0,243,0.26129032258064516,0.5139907360901836
adca60a5-3204-487e-af1f-0f39c63116bf,920.0,244,0.2623655913978495,0.515457654684174
d7c363ff-8497-4c19-9bd0-68bbd2b241fe,918.0,245,0.26344086021505375,0.5169213843246993
2adc98be-0a87-4860-ad4b-dbbc67158657,917.0,246,0.2645161290322581,0.5183835194884918
7cb094aa-3dcf-4c0e-865e-f19b73dce7bc,917.0,246,0.2645161290322581,0.5198456546522845
59c3f3f8-b5a9-42bd-a7b9-756a15f859ac,912.0,248,0.26666666666666666,0.5212998174324142
44240806-deb8-478b-8cf5-e08092409adc,912.0,248,0.26666666666666666,0.5227539802125437
491b1eec-976c-493d-ada6-219995cb411d,910.0,250,0.26881720430107525,0.5242049540392082
f4a176af-12f0-4cd7-b1d8-46a05fc37ad3,905.0,251,0.2698924731182796,0.5256479554822097
f4bb71de-abe5-4494-9194-94885897befe,904.0,252,0.2709677419354839,0.5270893624484785
0dd68d2f-0701-4b4b-a099-3d13ad416a36,903.0,253,0.27204301075268816,0.5285291749380148
6f7a2fc9-da07-494e-8f70-50000ae5f65a,902.0,254,0.2731182795698925,0.5299673929508184
165bda2f-26f6-474f-a699-bd06944c2d56,900.0,255,0.27419354838709675,0.5314024220101569
23c1f510-5a69-4b30-a63f-faea2fab1d45,897.0,256,0.2752688172043011,0.5328326676392975
037573d8-e79b-4833-b930-c57cfdfe5443,892.0,257,0.2763440860215054,0.5342549408847751
b3edc05f-5fc1-4bd0-9d32-d75cfc7355ea,890.0,258,0.27741935483870966,0.5356740251767876
3841903c-9487-4412-addf-8245575f1aa7,888.0,259,0.278494623655914,0.5370899205153349
e8a56dd2-0854-43bb-9adc-2d0e242be486,888.0,259,0.278494623655914,0.5385058158538821
25015e7f-498d-4949-baf2-d441b8a1450a,887.0,261,0.2806451612903226,0.5399201167156968
53de7c94-7658-444f-a1ce-1e7a10f9f729,885.0,262,0.2817204301075269,0.5413312286240463
46f7be1b-f2bc-4a91-a7c3-88c141564e31,882.0,263,0.28279569892473116,0.542737557102198
b253e66b-023e-4924-9330-9348a83998f6,880.0,264,0.2838709677419355,0.5441406966268845
a4d36f8a-d471-468a-9dfa-193a13dcfca1,873.0,265,0.2849462365591398,0.5455326748144428
3f8b9ce2-f325-4e1e-a9c3-11084b730aa2,872.0,266,0.2860215053763441,0.5469230585252685
a92fd925-7bf1-4d86-9e8f-8d4c26e5ea36,868.0,267,0.2870967741935484,0.5483070643291638
7fee16d4-d08e-4564-af4a-5a0e84753148,859.0,268,0.28817204301075267,0.5496767198424657
cf40c6b5-459b-48eb-b65c-355cdf9e5d7a,859.0,268,0.28817204301075267,0.5510463753557676
6fc7931a-33bd-4305-bd3c-e9d7fe8dc288,859.0,268,0.28817204301075267,0.5524160308690695
64320bc7-3325-43ab-b0c1-9c911e1175dc,858.0,271,0.2913978494623656,0.5537840919056388
1f1106d3-642c-46a6-9b81-d870884ec340,850.0,272,0.2924731182795699,0.5551393971283474
8b650022-e89a-4539-a8da-b259b29daa0e,849.0,273,0.29354838709677417,0.5564931078743234
111058ce-59a6-4fde-9946-098de700bc35,845.0,274,0.2946236559139785,0.5578404407133689
0ed609d6-33b4-4c38-829f-f7e0d9dd03b5,843.0,275,0.2956989247311828,0.5591845845989493
6546df49-45ca-48a4-8574-6eb7892b5369,842.0,276,0.2967741935483871,0.560527134007797
43cd3e8e-b4af-41ba-9d5e-d797e91bd7e5,837.0,277,0.2978494623655914,0.5618617110329818
5ee5aa89-8207-4ec9-bfda-99dd17b0540b,835.0,278,0.2989247311827957,0.5631930991047013
d9d0b6ba-c326-4e07-987c-1d1be376767b,831.0,279,0.3,0.5645181092694905
34748b41-be0e-4a62-92cf-1d4879a952ea,828.0,280,0.3010752688172043,0.5658383360040818
38716836-003d-4131-a543-c7841fe33fdc,826.0,281,0.3021505376344086,0.5671553737852081
74ddba86-cbf3-42e5-8a23-bec916c31aa9,825.0,282,0.3032258064516129,0.5684708170896016
8e2cf189-936a-4991-9802-5d1575720c48,821.0,283,0.3043010752688172,0.5697798824870648
1bc2d306-8e15-4dc7-bda9-29ea4c9a420e,812.0,284,0.3053763440860215,0.5710745975939346
755f8091-aaa7-4a06-808d-71c845def4bc,812.0,284,0.3053763440860215,0.5723693127008044
0d5e6d5c-954c-4bca-8d1a-fa197b913f58,812.0,284,0.3053763440860215,0.5736640278076742
69e3fb59-6f05-4b8a-b283-989481eb46f0,809.0,287,0.3086021505376344,0.5749539594843462
66c7dbf0-af30-45a7-a955-0253d246f3b1,806.0,288,0.3096774193548387,0.5762391077308204
aa52e98d-8dc3-4141-8a73-f3262b67e9da,805.0,289,0.310752688172043,0.5775226615005621
bc14bcad-dd91-49cd-b417-9fe5f1a58955,804.0,290,0.3118279569892473,0.5788046207935711
47a4c8a7-1037-4de1-b7a5-e29dfe5a4229,799.0,291,0.31290322580645163,0.5800786077029171
f39b956c-f799-431e-960b-df911f90c865,798.0,292,0.3139784946236559,0.5813510001355305
e61c7a01-245a-4eda-ba65-b728e3d5c463,797.0,293,0.3150537634408602,0.5826217980914113
890a337b-52fb-423d-8f9a-c1480145a09b,797.0,293,0.3150537634408602,0.5838925960472922
4f692d85-bdc2-41d1-a43f-37adc6a8badf,793.0,295,0.3172043010752688,0.5851570160962426
9ad18536-40ea-4b4f-af98-542c556fdc30,786.0,296,0.31827956989247314,0.5864102748080648
afec9010-cd46-49df-8023-8d054659beff,783.0,297,0.3193548387096774,0.5876587500896893
ff09a210-7024-4c8d-bffd-042babe3a988,782.0,298,0.3204301075268817,0.5889056308945811
33b3c300-64d2-4a7a-9c69-eb1951880793,780.0,299,0.32150537634408605,0.5901493227460078
67485a19-b3fe-48fc-90d1-3e9b3c72beb5,780.0,299,0.32150537634408605,0.5913930145974345
f1d3ea3d-d965-4689-8678-ba87d082c3be,779.0,301,0.32365591397849464,0.5926351119721286
525f4cab-8801-435a-8c6e-7d799304241b,779.0,301,0.32365591397849464,0.5938772093468226
0c0fa8cd-8963-4a24-b9e9-c56ee47e8c8b,777.0,303,0.3258064516129032,0.5951161177680515
dbab76ee-9dce-48e0-99ca-042e83d46684,773.0,304,0.32688172043010755,0.5963486482823499
912fac8c-9290-48d3-ab5b-6da56615df70,772.0,305,0.3279569892473118,0.5975795843199158
4ffed915-ffa0-46e9-8770-fab430dda644,772.0,305,0.3279569892473118,0.5988105203574817
b515e78b-ff05-45fb-b035-8c6476c509b7,769.0,307,0.3301075268817204,0.6000366729648497
59c2110f-19f7-4b19-ad11-29f7151a95b7,766.0,308,0.3311827956989247,0.60125804214202
ff9a07f6-0665-4689-a8b6-cb62c162a20d,765.0,309,0.33225806451612905,0.6024778168424577
354e144b-d416-4ceb-8de5-8281079a6735,763.0,310,0.3333333333333333,0.6036944025894302
ec38604b-5912-4b82-816e-06a9e0f98fc8,759.0,311,0.33440860215053764,0.6049046104294723
6c2c087c-25b5-4823-ab90-42917c9e97f6,759.0,311,0.33440860215053764,0.6061148182695144
2327e634-2902-4ee6-96f1-2e163beb44c8,759.0,311,0.33440860215053764,0.6073250261095565
c64cf7b6-b1c6-4dca-9737-07ed7530c738,758.0,314,0.33763440860215055,0.608533639472866
f13e1850-1d41-48cc-92fd-331d4ae3e3f6,757.0,315,0.3387096774193548,0.6097406583594429
0420dd2e-09f4-4314-b98e-c92690c804d5,756.0,316,0.33978494623655914,0.6109460827692872
e502aad3-1b2c-44dd-b433-82babb9b1834,752.0,317,0.34086021505376346,0.6121451292722011
3d7b3f8b-61b8-4e80-ad7c-b4c05c05cd3e,751.0,318,0.3419354838709677,0.6133425812983824
206bcdb3-1fbd-493e-82e0-d97bb41a9818,751.0,318,0.3419354838709677,0.6145400333245638
259ee5c2-ddde-4195-a61f-05bc049dde93,750.0,320,0.34408602150537637,0.6157358908740124
d86885de-3fb1-417e-94ea-46cd0e0b811a,750.0,320,0.34408602150537637,0.6169317484234611
ba5a59fd-850b-4169-b121-a008bd17bcf5,749.0,322,0.34623655913978496,0.6181260114961773
ffbac956-0c38-4027-b75d-996ffd281396,749.0,322,0.34623655913978496,0.6193202745688934
4f086bbf-7139-457b-aa2b-187f8690b004,747.0,324,0.34838709677419355,0.6205113486881443
3935fc48-651f-4fb2-a393-8083e17db725,746.0,325,0.34946236559139787,0.6217008283306625
8b7168ff-3296-4310-bfdc-5f92b96717dc,745.0,326,0.35053763440860214,0.6228887134964483
6d8ceea9-7362-4190-9301-d429c76993fd,745.0,326,0.35053763440860214,0.624076598662234
c9e7c8d1-324e-4e2e-9ae2-56809aaa23ab,744.0,328,0.35268817204301073,0.6252628893512872
336b31f1-e33b-46a8-aa3f-2938a4517084,742.0,329,0.35376344086021505,0.626445991086875
eb11b17d-706e-409a-9528-64d56652f344,741.0,330,0.3548387096774194,0.6276274983457304
35dec2b0-fec6-4eca-9616-39056e08e670,740.0,331,0.35591397849462364,0.6288074111278531
06f35b7c-1d48-4cd3-91b8-ef5c874d3756,729.0,332,0.35698924731182796,0.6299697846659172
a8c9d099-65fd-4366-bb21-32886c372f99,728.0,333,0.3580645161290323,0.6311305637272489
119e6595-ba46-46e1-ae52-fdf444e10005,725.0,334,0.35913978494623655,0.6322865593583825
6856af2f-9309-4953-9d47-3775e6d48de6,719.0,335,0.3602150537634409,0.6334329881291207
6ce4e60c-a319-4de3-8def-3500f6cb8b6e,716.0,336,0.36129032258064514,0.6345746334696611
f490fd55-45bb-4907-80bb-62439bc1312d,716.0,336,0.36129032258064514,0.6357162788102014
40e3c735-6cbf-4199-ae16-993253c73b18,712.0,338,0.3634408602150538,0.6368515462438115
c68cf835-09f7-4042-b57b-118e9cbf5aec,711.0,339,0.36451612903225805,0.6379852192006888
23c44e6e-554a-4367-9d0b-63301d7c95c3,711.0,339,0.36451612903225805,0.6391188921575662
87c125b3-8d51-41f9-b49b-0401a66c69d1,709.0,341,0.36666666666666664,0.6402493761609783
198ba27f-aea6-44f4-9132-ff2b4dac8af6,706.0,342,0.36774193548387096,0.6413750767341928
5e162bf5-0b1e-49fd-af58-7c5cd5f8b1f4,705.0,343,0.3688172043010753,0.6424991828306745
512a69f9-f2d6-4743-98fd-c5443a04a03d,705.0,343,0.3688172043010753,0.6436232889271564
6ae78642-dc9d-43c4-a263-f99c45749d7d,705.0,343,0.3688172043010753,0.6447473950236381
20fb7ccc-bd94-4b19-8b04-d3a74bc4ebe2,702.0,346,0.3720430107526882,0.6458667176899221
71a1679e-1142-49b1-af4f-b34cb778a091,701.0,347,0.37311827956989246,0.6469844458794735
49839999-faed-43e7-8de0-e7c1d4bb51e4,700.0,348,0.3741935483870968,0.6481005795922923
2605d972-ff2c-4b2e-8e43-829dba00a1cc,700.0,348,0.3741935483870968,0.6492167133051111
1633aaeb-aaf6-40a6-9ed8-2307ba33651a,700.0,348,0.3741935483870968,0.6503328470179299
df865315-5892-4198-9557-00786776df25,698.0,351,0.3774193548387097,0.6514457917772835
96458360-d24a-4a1a-b99f-b52196702dc0,696.0,352,0.37849462365591396,0.6525555475831719
43597730-052d-444d-b8a5-a18055278197,694.0,353,0.3795698924731183,0.6536621144355951
99235132-bfd2-4c52-89b0-93e6a4f08f15,684.0,354,0.38064516129032255,0.6547527365206923
d5549418-ae25-4e30-9ec9-00a502e1860e,682.0,355,0.3817204301075269,0.6558401696523244
4fc37f30-0abb-4b7e-9fd5-7b266413dfa5,682.0,355,0.3817204301075269,0.6569276027839563
2c8c4746-e8a2-4c65-8c75-a546dffd37ff,678.0,357,0.38387096774193546,0.658008658008658
78550938-1950-4b66-b939-78f075113e32,675.0,358,0.3849462365591398,0.6590849298031618
a230119c-2ae6-4088-a2c0-d5cb1c0992f2,673.0,359,0.3860215053763441,0.6601580126442005
f67411fe-d590-479b-a73b-10232020b872,672.0,360,0.3870967741935484,0.6612295010085065
8c3c6366-d573-4a06-bd7c-c36ef7f99409,670.0,361,0.3881720430107527,0.6622978004193474
4634eb4a-eeab-4322-8ad0-d98e11dd4ff0,668.0,362,0.38924731182795697,0.663362910876723
16b724dd-5380-4c45-a6f5-f8e515439702,668.0,362,0.38924731182795697,0.6644280213340987
e652afb4-dd2b-415c-beb4-3ed01dbd3b35,667.0,364,0.3913978494623656,0.6654915373147418
15c6cfde-0f95-4602-99d9-44693075beb5,667.0,364,0.3913978494623656,0.6665550532953848
5202d72e-4c2a-4295-8e01-72bea03f1db4,666.0,366,0.3935483870967742,0.6676169747992953
17472f3f-a294-4888-bcad-6dc5202e407c,666.0,366,0.3935483870967742,0.6686788963032056
5b3fd1e2-e191-4196-b93d-a864e1df7613,665.0,368,0.3956989247311828,0.6697392233303836
fab57f46-f41e-4a88-b47d-72c99fe68698,664.0,369,0.3967741935483871,0.6707979558808288
1504618b-2fbc-49c8-b469-5755d5812c30,663.0,370,0.3978494623655914,0.6718550939545415
ed851c60-e04b-43b0-8c8c-783c761e4400,663.0,370,0.3978494623655914,0.6729122320282541
f9d950ed-7ad8-4b5e-9ee3-1297a3ac16be,662.0,372,0.4,0.6739677756252341
c19d60f8-6da8-498c-981f-a93b2150a61d,661.0,373,0.4010752688172043,0.6750217247454816
13dcef95-597d-4d80-a9f3-9b1930683039,660.0,374,0.4021505376344086,0.6760740793889966
3f1bca67-8c68-491e-b4d9-d5df0cad2c8e,660.0,374,0.4021505376344086,0.6771264340325114
7c5ce774-5b71-4436-83aa-024aa24afa79,659.0,376,0.4043010752688172,0.6781771941992937
e49ed015-58ce-407a-bdfb-266d06cde798,659.0,376,0.4043010752688172,0.6792279543660759
d0565e26-e0ee-4aab-8a75-14a803c67277,659.0,376,0.4043010752688172,0.6802787145328582
77988aaa-bd57-4c6f-be65-adc0dcca6421,658.0,379,0.4075268817204301,0.6813278802229078
47a65849-f752-4233-9596-71c288aa7d4c,657.0,380,0.40860215053763443,0.6823754514362249
638d2072-ab6c-48f7-af82-fbb970e33886,656.0,381,0.4096774193548387,0.6834214281728094
6f8e9543-0616-45a2-8d20-98f5810d171e,656.0,381,0.4096774193548387,0.6844674049093938
28571066-d242-4f63-b9b0-d06439abd843,655.0,383,0.4118279569892473,0.6855117871692458
5094ae31-e822-4de9-aead-a09effe94a61,653.0,384,0.4129032258064516,0.6865529804756324
19131c2e-7d3a-42d7-b575-eb85b25dd14c,651.0,385,0.41397849462365593,0.6875909848285539
0cd5f630-38e0-432a-a144-fb4868f8c933,649.0,386,0.4150537634408602,0.6886258002280101
fd800c17-08a7-4119-abd0-fb0588e884d5,649.0,386,0.4150537634408602,0.6896606156274665
d2a533b2-13c0-4ceb-bc9a-2f0993e9cad3,648.0,388,0.4172043010752688,0.6906938365501901
1e77b8de-351f-4028-b2a9-65cb92140bd0,646.0,389,0.4182795698924731,0.6917238685194487
4be2a169-5022-44b4-a3c7-f22b05f91d19,645.0,390,0.41935483870967744,0.6927523060119746
0a1677c0-e806-493e-9aca-ef83f33d4d12,644.0,391,0.4204301075268817,0.6937791490277678
50faffc3-39ca-4f37-9746-02a0f3999895,644.0,391,0.4204301075268817,0.6948059920435611
720ec940-7e96-49f5-8f88-1933d5c2234e,644.0,391,0.4204301075268817,0.6958328350593544
69de2024-034a-412c-b791-ade91eeea238,643.0,394,0.4236559139784946,0.6968580835984151
564a24d2-2c6d-41f2-8423-6aac0dff2c13,642.0,395,0.42473118279569894,0.6978817376607432
e0acf644-7185-416f-a5b5-e47f7d3c0f21,641.0,396,0.4258064516129032,0.6989037972463387
0dfbeb0b-6c6b-4f97-b02e-ae4603b167c3,638.0,397,0.4268817204301075,0.6999210734017364
14866e1c-fbf3-4b41-a7e3-9a1e3e27601f,637.0,398,0.42795698924731185,0.7009367550804015
ba2078ec-a009-42f8-8317-095dc4576c4b,635.0,399,0.4290322580645161,0.7019492478056014
03acf0fc-e385-4008-8c8c-ce9ff590bb0b,634.0,400,0.43010752688172044,0.7029601460540688
4a423954-dadf-4e8f-aa6c-e10e93977fc6,634.0,400,0.43010752688172044,0.703971044302536
12fc267b-16d2-40c2-9b57-46cc1351748b,633.0,402,0.432258064516129,0.7049803480742707
0edb68ad-2e19-4272-919f-320bc5fec428,632.0,403,0.43333333333333335,0.7059880573692728
7ec893ee-81ff-4039-af68-428771e708c1,632.0,403,0.43333333333333335,0.706995766664275
06812f31-5646-442e-8819-d6f647b960b4,631.0,405,0.43548387096774194,0.7080018814825445
f37ae031-3496-4e32-81d0-b8c81dfbd646,631.0,405,0.43548387096774194,0.709007996300814
deea838b-c480-4570-9c15-a08132d008cc,631.0,405,0.43548387096774194,0.7100141111190835
e21689bc-e08d-493e-a047-5d08ff7fa23e,630.0,408,0.43870967741935485,0.7110186314606204
1ea57a91-08b5-46e2-af90-7730bf929e89,629.0,409,0.4397849462365591,0.7120215573254247
28e02ecd-c99d-4d98-ad22-5d2d36644cf1,627.0,410,0.44086021505376344,0.7130212942367639
3ff241f6-a121-40a0-9910-a6abfe5e98f2,625.0,411,0.44193548387096776,0.7140178421946378
d79a3183-6b23-4754-aacf-d343bf3e62cc,624.0,412,0.443010752688172,0.7150127956757791
5f4b09eb-d3c0-4930-b340-13cd7465ebf6,622.0,413,0.44408602150537635,0.7160045602034553
0f3dab1d-29c9-4ebd-a59f-a0f485467391,621.0,414,0.44516129032258067,0.7169947302543987
7e99c7a9-3ac3-4cff-85fd-7467281336bf,621.0,414,0.44516129032258067,0.7179849003053423
ec5cebc5-3ed5-4558-ae86-8a2caa15776a,621.0,414,0.44516129032258067,0.7189750703562858
95fe587c-c1d5-4a88-a736-b046db2b2b42,621.0,414,0.44516129032258067,0.7199652404072293
5755d0f8-4306-4749-88b6-16d8d52fac29,619.0,418,0.44946236559139785,0.7209522215047077
7475e104-2599-45a5-ab9d-9717c4a7e2d8,617.0,419,0.4505376344086022,0.7219360136487208
d3f9bcff-a849-4eb3-8293-029c5bf30dfe,616.0,420,0.45161290322580644,0.7229182113160014
4eb3c959-8b56-456d-abf6-1dce0c0b02a4,615.0,421,0.45268817204301076,0.7238988145065494
0a342a90-b366-4293-9743-fde51f8e3b57,614.0,422,0.45376344086021503,0.7248778232203646
a459afef-9778-4f5f-8255-38cf2575dbe5,613.0,423,0.45483870967741935,0.7258552374574474
515469fb-009e-4e92-85cc-a65f9066e2bd,611.0,424,0.4559139784946237,0.726829462741065
73be83bb-db2b-4c85-b3df-69e4a0bede88,611.0,424,0.4559139784946237,0.7278036880246825
90bbe5b4-9f4d-43c8-ad36-eb9478bcd76a,611.0,424,0.4559139784946237,0.7287779133083
734fe47b-5e9a-4c45-a692-18cda0588c81,610.0,427,0.4591397849462366,0.729750544115185
e363caf6-9673-46cc-a87b-6b61fcbd2cbd,610.0,427,0.4591397849462366,0.73072317492207
519776a9-4035-4887-8ef6-35a755f81171,608.0,429,0.4612903225806452,0.7316926167754897
4cf28ac3-f0f7-4b45-aebd-8d496b50f755,607.0,430,0.46236559139784944,0.7326604641521769
49c54738-7196-43b0-b594-a6d3682606d5,606.0,431,0.46344086021505376,0.7336267170521314
bbb7e509-cfce-4fe4-aa37-742ea662c974,606.0,431,0.46344086021505376,0.734592969952086
b7b5bd3a-8a67-48b6-bfaf-166aecd71e94,604.0,433,0.46559139784946235,0.7355560338985754
0a77d0de-cf93-40b8-bccc-f07be01126a7,603.0,434,0.4666666666666667,0.7365175033683321
409215f7-41f4-4409-b1c0-0374f50ee14c,603.0,434,0.4666666666666667,0.7374789728380888
5f327516-ebd8-48e5-b7c1-b8d5815790d8,603.0,434,0.4666666666666667,0.7384404423078457
aa7858ad-73c7-4c32-a395-e416c71aa6e7,602.0,437,0.4698924731182796,0.7394003173008697
ac94f5b7-f9f4-4354-b5ba-7cb9d8dfc470,602.0,437,0.4698924731182796,0.7403601922938939
cf21dad4-43b8-4778-8f25-c3f0fc06ecd8,601.0,439,0.4720430107526882,0.7413184728101855
82920adf-170f-4990-9876-f1fe057a1c51,600.0,440,0.4731182795698925,0.7422751588497445
9ed75dd2-b200-444b-b1fb-44d1987c1da7,597.0,441,0.47419354838709676,0.7432270614591057
c04aef4a-5c65-43ad-a4ca-cced35885d52,594.0,442,0.4752688172043011,0.744174180638269
8cb36c00-5370-4f88-8344-2b344192219e,593.0,443,0.47634408602150535,0.7451197053406998
dc50861f-f12f-4a39-b979-dc16665070e4,593.0,443,0.47634408602150535,0.7460652300431306
2a085f0d-6ebf-4d36-8fee-baaefe2db4c1,592.0,445,0.478494623655914,0.7470091602688288
4859cd14-65bd-4954-bd3f-52dab5ba884b,592.0,445,0.478494623655914,0.747953090494527
11725236-8234-4f7d-9d01-387fcdfed799,591.0,447,0.4806451612903226,0.7488954262434926
f8462427-909c-4395-b25e-a99d9998c0bf,591.0,447,0.4806451612903226,0.7498377619924581
92904f36-43ce-43dd-885c-301c3b42051e,591.0,447,0.4806451612903226,0.7507800977414237
751b173c-f8c6-4379-b29c-553758b550c3,586.0,450,0.4838709677419355,0.7517144611067264
7a798798-2d24-4904-aa35-4dcdbb585112,585.0,451,0.48494623655913977,0.7526472299952963
ee20db81-9978-4f16-a911-6a8f53b56219,584.0,452,0.4860215053763441,0.7535784044071336
673a360c-f31e-4b44-9c0e-d7fa22891dd8,584.0,452,0.4860215053763441,0.7545095788189711
6d05d994-9fec-4002-b314-32556f1af488,584.0,452,0.4860215053763441,0.7554407532308085
56972926-522f-43da-96b1-f3adf575eb23,582.0,455,0.489247311827957,0.7563687386891806
a7cb1d98-34af-4c1b-99e3-6c2dd528b35d,582.0,455,0.489247311827957,0.7572967241475529
81172cca-58fd-4b2d-b22e-d642a2b0c62e,581.0,457,0.4913978494623656,0.7582231151291925
6c9d8f8b-d27f-419d-ad89-4a044de55737,579.0,458,0.4924731182795699,0.7591463171573669
cad6d34f-4f46-4772-bffc-ca377365a705,579.0,458,0.4924731182795699,0.7600695191855413
757dafa6-0204-46b9-8df2-4d2eeae871cd,575.0,460,0.4946236559139785,0.7609863433067853
aafc3cbe-bbde-4dee-be8a-ba234691fc55,575.0,460,0.4946236559139785,0.7619031674280293
0d0a0a58-9f83-4f4a-97a0-fba6510cfa6a,575.0,460,0.4946236559139785,0.7628199915492733
646f7351-3ab4-4c40-a21b-5c7770ee3f0b,575.0,460,0.4946236559139785,0.7637368156705173
18ba9d2a-4d42-44a1-8ffe-cc674a7cb20e,574.0,464,0.4989247311827957,0.7646520453150287
ba82833c-3b51-413b-ba47-26859827bf2f,573.0,465,0.5,0.7655656804828076
f1c53651-3171-4d8c-b8ae-148d07899cfe,572.0,466,0.5010752688172043,0.7664777211738538
a372bfc1-cdf3-480e-94ac-10b3ba020d63,569.0,467,0.5021505376344086,0.7673849784347022
b14ccd49-e779-4fc3-80f1-9e37fd49f249,569.0,467,0.5021505376344086,0.7682922356955506
c0433b60-2334-466f-af73-be52d642d18b,568.0,469,0.5043010752688172,0.7691978984796665
9caadf1a-d9c1-4e01-b774-5b2129b0c289,567.0,470,0.5053763440860215,0.7701019667870497
55640fe5-a0d2-426b-99e8-d1dd358fff28,566.0,471,0.5064516129032258,0.7710044406177002
cd5be295-c423-4fa6-8632-5847cf93d887,563.0,472,0.5075268817204301,0.7719021310181531
b3dbbb7e-a855-40c5-87ae-593ba2a179ec,562.0,473,0.5086021505376344,0.7727982269418734
ffdf4123-f48a-4be0-8523-7a7e2641270c,559.0,474,0.5096774193548387,0.7736895394353958
88682190-69ba-4043-9496-7911d490e82e,558.0,475,0.510752688172043,0.7745792574521856
9458f544-5222-459e-960f-e523143659a6,557.0,476,0.5118279569892473,0.7754673809922429
d57fe05a-7d23-4c6d-b1da-26b12d6e1464,556.0,477,0.5129032258064516,0.7763539100555675
e41ed9f2-875c-40de-9ef3-47ce319563e9,555.0,478,0.513978494623656,0.7772388446421595
865d5047-6bb1-40e6-9e8b-f4e6ecd32bb8,551.0,479,0.5150537634408602,0.7781174013218212
3a4f50e8-efa1-450f-8520-89dc99754b1d,549.0,480,0.5161290322580645,0.7789927690480176
e38d66c8-82bf-44a1-acd2-2768c9c6c5ae,546.0,481,0.5172043010752688,0.7798633533440164
6031f54b-2838-4718-ba54-c4100829543e,545.0,482,0.5182795698924731,0.7807323431632824
8585a781-4e86-441e-a6ce-a87b8f4f9a61,544.0,483,0.5193548387096775,0.7815997385058159
bdaedafc-81b1-41f9-b328-a875dc97b882,542.0,484,0.5204301075268817,0.7824639448948841
a312b40c-7f68-4dc6-a261-47ed24f38a28,540.0,485,0.521505376344086,0.7833249623304872
88679400-4935-4898-b3f4-6cf9528f2d8c,540.0,485,0.521505376344086,0.7841859797660903
435c3873-9cf2-4c37-837e-5aa4929d7a6e,538.0,487,0.5236559139784946,0.7850438082482282
7d5fec61-da56-4f42-b6f1-936df3fcebdf,536.0,488,0.524731182795699,0.7858984477769008
ab7bc4eb-d1f1-464c-a13a-5ad91dd51dfc,536.0,488,0.524731182795699,0.7867530873055735
d87184a9-7bed-433e-a6d6-eb74e10b9765,536.0,488,0.524731182795699,0.7876077268342462
9c71cfb7-ffda-4fcf-8c29-2749e5f30bf9,534.0,491,0.5279569892473118,0.7884591774094537
3dbfd027-f1fe-4b58-9694-9bde6ed6dd38,531.0,492,0.5290322580645161,0.7893058445544633
b98719fd-218d-4087-9cea-632c149347e7,531.0,492,0.5290322580645161,0.790152511699473
364ecb30-8505-41f2-9d98-23924f8e6a76,530.0,494,0.5311827956989247,0.7909975843677501
4a9450a4-5e2a-46d2-b92a-7216cb01b623,530.0,494,0.5311827956989247,0.7918426570360272
f4e0ff70-fb5a-4a65-959d-8b53b304b1e1,530.0,494,0.5311827956989247,0.7926877297043043
7908263a-78c2-428b-80fb-ae42e3d85358,528.0,497,0.5344086021505376,0.7935296134191162
e08534c9-27d1-4804-b1c1-b5ba80a391a5,528.0,497,0.5344086021505376,0.7943714971339281
e9ac7f36-dc43-4fd7-8cb4-a7113c123e18,528.0,497,0.5344086021505376,0.7952133808487399
5b9b0b48-fa72-4188-828e-8e0f51203eeb,527.0,500,0.5376344086021505,0.7960536700868193
2b150091-59f5-4f82-9780-ff55ad28fa1d,527.0,500,0.5376344086021505,0.7968939593248986
ecf11662-47ef-4af4-aaa6-9b168ad7ce85,527.0,500,0.5376344086021505,0.7977342485629778
e5d22da4-cfa5-472e-9e65-3580ff3248c4,526.0,503,0.5408602150537635,0.7985729433243245
0ad2a01c-cfbd-41c7-8460-687b4387e6be,526.0,503,0.5408602150537635,0.7994116380856713
e3be757a-d826-4cb9-aa30-414893454dd7,523.0,505,0.543010752688172,0.8002455494168201
282f4217-d19a-4c3a-a60d-226a819a245a,521.0,506,0.5440860215053763,0.8010762717945038
10d466c4-1425-4c09-b43d-1214b92fb996,521.0,506,0.5440860215053763,0.8019069941721876
88b8fe89-d8f2-44e0-9235-54df185be249,520.0,508,0.546236559139785,0.8027361220731386
6e9a77ca-1f0f-4edb-9efe-e67c7568d1a9,520.0,508,0.546236559139785,0.8035652499740897
16cc16ab-3338-4486-a99a-a8a3bc27f25e,520.0,508,0.546236559139785,0.8043943778750409
3d40e90e-4cfa-47f2-a3b5-00aedb0a8558,519.0,511,0.5494623655913978,0.8052219112992594
b1ceb834-2ab6-4a76-b8af-3c093640c7d4,519.0,511,0.5494623655913978,0.8060494447234778
2d0eea07-69f9-46f6-acc8-ed46daa301f1,519.0,511,0.5494623655913978,0.8068769781476964
b9f9629b-905e-41c6-878d-87958f6e6fe3,518.0,514,0.5526881720430108,0.8077029170951823
6f6b1578-88c1-435e-bc04-1f3eeebb7de3,518.0,514,0.5526881720430108,0.8085288560426682
95548093-61d9-4d47-83b5-bb9aa184c27f,518.0,514,0.5526881720430108,0.8093547949901541
93e6d743-fb0b-41d1-bd57-698b1fcba34e,517.0,517,0.5559139784946237,0.8101791394609075
0134b780-4f86-4fdb-accb-47ecc24ebc2c,516.0,518,0.556989247311828,0.8110018894549281
b805238f-5dce-4602-b29b-54af09452fff,513.0,519,0.5580645161290323,0.8118198560187511
00f7fbf8-e4f4-45e1-a22a-57b2788e945d,512.0,520,0.5591397849462365,0.8126362281058414
00b2add9-3711-44c2-92e5-1c333341ce15,512.0,520,0.5591397849462365,0.8134526001929316
b8f5fd1a-f46f-4804-b5e5-8f4bcbea501b,512.0,520,0.5591397849462365,0.814268972280022
62bc804f-acd6-4b38-957e-cc3b0800da92,511.0,523,0.5623655913978495,0.8150837498903797
f08c7624-8742-431c-a82a-89375da522e9,510.0,524,0.5634408602150538,0.8158969330240049
d986d43c-5c5a-4729-be62-ef421885300e,510.0,524,0.5634408602150538,0.81671011615763
c43ac66b-acf0-4aeb-89e9-fa95fd8232de,509.0,526,0.5655913978494623,0.8175217048145225
afb2c047-971f-47e4-9b90-e0151a679bdb,508.0,527,0.5666666666666667,0.8183316989946824
235d061c-27b8-46f5-bdf7-f04abe427384,507.0,528,0.567741935483871,0.8191400986981098
642b9f0b-6783-4ac6-ba4d-ef4d558dd5b7,506.0,529,0.5688172043010753,0.8199469039248045
b5b6504e-2129-446c-b99b-27bba2b25480,505.0,530,0.5698924731182796,0.8207521146747666
60bca56a-0012-4a05-b391-affd9c0b1946,505.0,530,0.5698924731182796,0.8215573254247287
5d04e9e5-b32b-49d1-a4ec-00c78c970f21,505.0,530,0.5698924731182796,0.8223625361746909
3d4f3cd9-b42b-4c31-a328-9fdf8ccc6d9d,505.0,530,0.5698924731182796,0.823167746924653
ee03c287-9886-40c1-8b4f-bc227545bf1d,503.0,534,0.5741935483870968,0.8239697687211499
6927f1fc-4274-4d1e-9453-8b7ae4e7ccad,503.0,534,0.5741935483870968,0.8247717905176468
7a0cfa7e-08d6-47a2-9207-449a57cd561e,503.0,534,0.5741935483870968,0.8255738123141438
390b8e8f-946f-4430-bb49-e8506cc2e41e,503.0,534,0.5741935483870968,0.8263758341106408
46216c31-e638-4f36-8025-4bb56b0c9105,502.0,538,0.578494623655914,0.8271762614304051
c7d9096c-2c26-4317-8d38-352d7d4f65e9,501.0,539,0.5795698924731183,0.8279750942734369
ebfefc60-fdd2-466b-9490-8306d3419926,501.0,539,0.5795698924731183,0.8287739271164686
4e371378-0eb2-4376-a718-4dc4f1062fab,499.0,541,0.5817204301075268,0.8295695710060351
af92016a-55d2-4725-8cb1-124caeb29d3e,498.0,542,0.5827956989247312,0.830363620418869
8780cdb4-06cd-409a-8b19-3519b909e032,497.0,543,0.5838709677419355,0.8311560753549704
f3c06529-01d9-4c6a-9ebd-63d7229f1bb4,497.0,543,0.5838709677419355,0.8319485302910717
ba8bf7bc-b49d-4e77-a4a0-20064d8f401f,496.0,545,0.5860215053763441,0.8327393907504405
7d5010cc-e558-4cce-a77b-b6b3184f2ee5,496.0,545,0.5860215053763441,0.8335302512098092
7f8604b0-be31-45da-8290-cbc58045765c,495.0,547,0.5881720430107527,0.8343195171924453
c3cb368c-d603-43a4-8cba-202cdaffaa0b,494.0,548,0.589247311827957,0.8351071886983489
043b67df-44fc-4946-b7a9-cbb46ee39b7b,491.0,549,0.5903225806451613,0.8358900767740547
d2acf248-2aea-4e88-a729-cd08ee2b3b62,491.0,549,0.5903225806451613,0.8366729648497604
7f09818a-c572-487b-888b-26f14a402a8b,490.0,551,0.5924731182795699,0.8374542584487336
977dcba9-5655-4f4c-ad69-c99d756324c7,490.0,551,0.5924731182795699,0.8382355520477067
07cd9919-a956-4330-8346-fdb4e033f39b,488.0,553,0.5946236559139785,0.8390136566932147
117e6bd4-4d85-4ead-a283-657107b77cb5,488.0,553,0.5946236559139785,0.8397917613387227
00914614-3f90-4484-a56d-24cf3cf90173,487.0,555,0.5967741935483871,0.840568271507498
5311f000-99cb-4138-bf05-03e7c97da105,486.0,556,0.5978494623655914,0.8413431871995408
13f5b91c-d935-491a-8a66-9999aed0e68a,484.0,557,0.5989247311827957,0.8421149139381183
8d391f4d-15ad-42b9-8cbf-b47220910b1a,484.0,557,0.5989247311827957,0.8428866406766959
a03a6e4a-0227-4eb8-a57f-8b36aad5b273,482.0,559,0.6010752688172043,0.8436551784618083
4b5e9fb7-3de5-4fec-add4-564e3205eca1,481.0,560,0.6021505376344086,0.844422121770188
0fc4c6f0-0871-47e5-9334-53c81be4eeb6,479.0,561,0.603225806451613,0.8451858761251027
e249f60d-5539-4465-98ec-9f96c9686955,479.0,561,0.603225806451613,0.8459496304800173
1b6092a5-55f4-4780-82be-ee27a94b97cc,476.0,563,0.6053763440860215,0.846708601404734
19bb56db-d7b8-48cc-8c54-3c4aef47e567,474.0,564,0.6064516129032258,0.8474643833759856
675dc99c-baa7-49de-b3ba-fc39f63f83f7,473.0,565,0.6075268817204301,0.8482185708705046
55608fe2-a73a-47ee-acca-237ee936307d,473.0,565,0.6075268817204301,0.8489727583650235
1c87fe21-f7d9-472e-9110-44dc2c0779a0,473.0,565,0.6075268817204301,0.8497269458595426
c6077534-0dd5-46bd-bee6-c84d966bb167,473.0,565,0.6075268817204301,0.8504811333540615
f7ff5837-2834-4d0a-be02-dccffa889ab2,472.0,569,0.6118279569892473,0.8512337263718479
950b3e13-3cc2-4887-a972-e25c61b5d355,471.0,570,0.6129032258064516,0.8519847249129017
09deb3ea-c1fc-43e8-926a-f0277ee0e2a0,471.0,570,0.6129032258064516,0.8527357234539555
75f8b250-ca17-4af1-bd73-5e75d5a75716,471.0,570,0.6129032258064516,0.8534867219950093
f3dc1ca5-7362-4fa3-91ef-e89a8c200cc7,470.0,573,0.6161290322580645,0.8542361260593305
fe7f165b-3fde-4c68-b457-5135d1b0a43b,469.0,574,0.6172043010752688,0.8549839356469191
7645149c-e675-4edb-b944-55166fb8dfbd,468.0,575,0.6182795698924731,0.855730150757775
cb9751c4-277e-4804-98bd-593c90fa2c49,467.0,576,0.6193548387096774,0.8564747713918984
9354c6dd-f11b-4f61-8df4-61f07d43d924,467.0,576,0.6193548387096774,0.8572193920260218
2876a71c-e3c7-496b-b535-fc4e56ef9223,465.0,578,0.621505376344086,0.85796082370668
b5d307b0-483a-48d9-befd-f1cd1f09c186,463.0,579,0.6225806451612903,0.8586990664338731
05749a52-ad65-4d29-b2ef-eb5ad8926195,459.0,580,0.6236559139784946,0.8594309312541357
88348ed5-8c02-47ea-8973-a9d5efbc6650,456.0,581,0.624731182795699,0.8601580126442004
74d97e8a-dfcd-4869-8d8c-612d230249ab,454.0,582,0.6258064516129033,0.8608819050808001
4c858e17-8eea-4ae0-a150-75cfd58cacf3,453.0,583,0.6268817204301075,0.8616042030406671
847d29dc-e044-4f35-9d9f-11423f36cdd7,453.0,583,0.6268817204301075,0.8623265010005341
0d102795-06e9-44bc-817d-070c61fd692c,452.0,585,0.6290322580645161,0.8630472044836686
a5de34db-7c3b-47df-be88-e1549da4ec78,445.0,586,0.6301075268817204,0.8637567466296748
87b47812-a1cb-40ea-8379-175be2a99fd9,444.0,587,0.6311827956989248,0.8644646942989485
eff438c8-5e55-4e27-83d9-bae01592c21c,443.0,588,0.632258064516129,0.8651710474914894
b933534a-b9c7-49aa-a93f-b2ac98436f52,442.0,589,0.6333333333333333,0.8658758062072979
477d5741-fa40-4bf1-906b-507c86567d12,441.0,590,0.6344086021505376,0.8665789704463738
685163de-9ded-498d-9896-a326dba1a5f4,441.0,590,0.6344086021505376,0.8672821346854496
375ddaaa-3b94-4464-9521-6693b3926fc9,441.0,590,0.6344086021505376,0.8679852989245255
9f3bb8b0-1ea2-49e1-afba-50dd1dfd1e00,440.0,593,0.6376344086021506,0.8686868686868687
768afa96-5e5b-4e50-9e84-1c42fbde5858,438.0,594,0.6387096774193548,0.8693852494957467
3b5d2cb8-c7e5-4095-8d4d-7c571b2b71f8,436.0,595,0.6397849462365591,0.8700804413511596
ec177b51-9d07-40d2-a6fb-6cb07a650045,434.0,596,0.6408602150537634,0.8707724442531073
ffdde993-1266-4c51-a224-7fde12a81ab6,434.0,596,0.6408602150537634,0.8714644471550549
f663dc4d-27f4-4659-9fbb-6b86b95478b4,434.0,596,0.6408602150537634,0.8721564500570026
c44e42a6-cde8-4b0d-9c18-a960410b69f0,433.0,599,0.6440860215053763,0.8728468584822175
a12a6962-1a84-42e5-869a-fd87f453853e,432.0,600,0.6451612903225806,0.8735356724307001
13057128-f625-45a9-a6d3-75d2e6fd49cd,432.0,600,0.6451612903225806,0.8742244863791825
dfbeeccd-dc58-40ea-b958-d867d23952e8,431.0,602,0.6473118279569893,0.8749117058509324
6db220d2-b4f1-4b50-9700-34b824954681,431.0,602,0.6473118279569893,0.8755989253226822
26e63ebf-e67d-4bfe-b0f2-c8b7bdef097e,429.0,604,0.6494623655913978,0.8762829558409669
8eeb28bd-8754-46fd-a691-144af15482d0,428.0,605,0.6505376344086021,0.876965391882519
19da0f77-5ae7-479b-8e00-860ff42bf83f,427.0,606,0.6516129032258065,0.8776462334473384
dfab1b71-c2d7-4314-aef9-bdf1d815693d,426.0,607,0.6526881720430108,0.8783254805354253
5b8de6b1-b4fa-44ab-8a61-5744fa774ea3,425.0,608,0.6537634408602151,0.8790031331467796
e25fa090-aae5-4e12-af21-761ab752b280,422.0,609,0.6548387096774193,0.8796760023279361
5ffa8e1c-fe42-4172-bb20-a85c7bb9c56a,420.0,610,0.6559139784946236,0.8803456825556273
bc60d9d5-7992-4187-a7ad-4e89e59fa7f4,416.0,611,0.656989247311828,0.8810089848763882
6caaa733-d598-4778-b966-0810e7c3c495,415.0,612,0.6580645161290323,0.8816706927204164
dda8f0b9-3970-47ed-9871-62e78cfab410,414.0,613,0.6591397849462366,0.8823308060877122
c28fbdb7-a880-428b-875d-e3d5dae4bbb2,414.0,613,0.6591397849462366,0.8829909194550078
59518dd4-9403-4570-a342-4abb28c7de2b,414.0,613,0.6591397849462366,0.8836510328223035
ebf456e0-4c77-4e5b-b6b1-65d00677c704,413.0,616,0.6623655913978495,0.8843095517128666
b589a3af-a180-4b15-a3a4-be06b0938e55,413.0,616,0.6623655913978495,0.8849680706034297
b0c09c55-dc56-46d5-8073-2451907dcd6f,413.0,616,0.6623655913978495,0.8856265894939928
c7e60f41-721b-4ada-9276-3219088ade5d,411.0,619,0.6655913978494624,0.8862819194310907
846f29dd-aaf8-4869-94ee-049c6ff3d371,411.0,619,0.6655913978494624,0.8869372493681886
63ad42d9-a2c0-4370-975d-3ee9a1792425,411.0,619,0.6655913978494624,0.8875925793052865
b4a61465-5d57-41b9-97c1-b3efc0502180,410.0,622,0.6688172043010753,0.8882463147656517
5db3fefc-978f-4c82-8494-115e1ba90d26,410.0,622,0.6688172043010753,0.888900050226017
044e5002-8fde-4ea3-aef7-4009dbbd2e3e,410.0,622,0.6688172043010753,0.8895537856863823
1b80f0fa-b02b-4299-8ef0-e43ab64eb693,408.0,625,0.6720430107526881,0.8902043321932824
50eddfc1-2132-4d11-af0b-3a3166390a03,407.0,626,0.6731182795698925,0.89085328422345
09ba4b51-d78c-48c1-bcea-c859ebc21733,406.0,627,0.6741935483870968,0.8915006417768848
0fd8a828-f9b4-45ac-bd1a-18991206d5ba,406.0,627,0.6741935483870968,0.8921479993303197
5a51b080-db67-438c-b64c-a7c6a1a08982,404.0,629,0.6763440860215054,0.8927921679302895
4d6f5c07-f6df-4201-b20f-49b253fbdcc7,403.0,630,0.6774193548387096,0.8934347420535266
fce54d4c-2c7f-4762-9c3c-416983c64512,403.0,630,0.6774193548387096,0.8940773161767637
18ef169b-eae9-48df-911d-298d23d28f8b,403.0,630,0.6774193548387096,0.8947198903000008
c892247b-87bb-4f7d-add4-5ca486068831,402.0,633,0.6806451612903226,0.8953608699465053
b4c683d9-e346-41f5-85a9-2649f7cc2804,402.0,633,0.6806451612903226,0.8960018495930098
b1b15c05-a293-48d8-a8ca-92c8681d883d,401.0,635,0.6827956989247311,0.8966412347627817
0c592dda-6f0b-4f69-a780-e34e6010f4a4,399.0,636,0.6838709677419355,0.8972774309790884
b6af738a-b950-470c-a2b3-9e402b00933e,399.0,636,0.6838709677419355,0.8979136271953951
0ca923bb-abbc-4fca-9813-aeed5c6e4dc8,399.0,636,0.6838709677419355,0.8985498234117019
b66b133a-6fa0-4895-a064-45b84dc7f0db,398.0,639,0.6870967741935484,0.899184425151276
d9bbf89f-c856-48b7-b67a-f8db2845a3d0,398.0,639,0.6870967741935484,0.8998190268908501
45ebf958-1655-451a-a037-f3ef3dfb0286,396.0,641,0.689247311827957,0.900450439676959
16ad5e58-11c2-44e0-b488-2493264b627a,395.0,642,0.6903225806451613,0.9010802579863353
a945178f-d357-4c6c-b050-800c915695e1,394.0,643,0.6913978494623656,0.901708481818979
fbc01763-bbac-46db-b4c7-283f42a7227d,393.0,644,0.6924731182795699,0.9023351111748902
2b4f5c5c-af17-4c97-98d6-afcf457480d1,392.0,645,0.6935483870967742,0.9029601460540687
422fa72a-9157-4dc9-ac68-3169158b1546,392.0,645,0.6935483870967742,0.9035851809332472
00021479-3c84-410b-aea4-7f421750d552,391.0,647,0.6956989247311828,0.9042086213356931
606f5f9e-c154-4055-9850-e1c3034201b0,390.0,648,0.6967741935483871,0.9048304672614065
7ea90706-a2b6-499e-8540-d0eab41c5616,390.0,648,0.6967741935483871,0.9054523131871198
06db0c92-823a-443c-b4a3-4348f1fef228,389.0,650,0.6989247311827957,0.9060725646361005
5a415433-9b00-416d-9e92-a4293b8e74c5,389.0,650,0.6989247311827957,0.9066928160850812
02e08eab-1933-41d2-91cd-62bbe4e752ee,387.0,652,0.7010752688172043,0.9073098785805969
383356d3-3712-4edf-9c44-e2d3a73be264,386.0,653,0.7021505376344086,0.9079253465993797
1474d86b-26f6-497c-baba-8d6ba4185cfa,386.0,653,0.7021505376344086,0.9085408146181627
cf85c1a8-0edd-4e78-a5f7-e2fea76a1644,385.0,655,0.7043010752688172,0.909154688160213
03cd4652-8d3d-4bc4-9190-01d4159f65bf,384.0,656,0.7053763440860215,0.9097669672255307
cbe2cddf-4cd0-4b74-a85d-e55f515fc79f,383.0,657,0.7064516129032258,0.9103776518141159
f41b21cf-24d6-4ad3-be0c-53863d679bcd,383.0,657,0.7064516129032258,0.910988336402701
5ee27c59-c872-417d-9809-5f821874c51b,380.0,659,0.7086021505376344,0.9115942375610884
4c64da36-abfc-4abd-84dc-130132578754,376.0,660,0.7096774193548387,0.9121937608125453
1510ad0b-9dd4-4293-89ff-a0c37fb095b2,375.0,661,0.710752688172043,0.9127916895872698
323a34a0-88c3-4b3f-bfcb-03d7c7639069,374.0,662,0.7118279569892473,0.9133880238852614
41210bc8-8533-4128-b29f-29e836eadf54,374.0,662,0.7118279569892473,0.9139843581832532
03daf514-b350-43c1-921d-ff75005aeeb2,373.0,664,0.7139784946236559,0.9145790980045123
9d7b250f-5d33-4ea0-8334-50a126c238ea,370.0,665,0.7150537634408602,0.9151690543955737
dffc5fb3-5627-467c-92ac-1c18763a9a03,370.0,665,0.7150537634408602,0.9157590107866351
2fbccd0b-b2da-4f1a-8172-a0212abbeeef,368.0,667,0.7172043010752688,0.9163457782242312
2d477a25-4aa4-4267-8326-8f1c0a8c10ea,368.0,667,0.7172043010752688,0.9169325456618275
d1f91bd8-8ba6-41c6-b018-7cd972e1f358,367.0,669,0.7193548387096774,0.917517718622691
20390c78-de43-4ace-acb1-07714ee42b96,367.0,669,0.7193548387096774,0.9181028915835545
5890887c-99e6-44d9-914d-46cb9eb536c2,367.0,669,0.7193548387096774,0.9186880645444181
4b997c67-95ae-482c-b10a-08c58c2de35a,366.0,672,0.7225806451612903,0.9192716430285491
8f9ccafd-674a-4d02-b51e-6b1d33d349b3,366.0,672,0.7225806451612903,0.9198552215126801
8b5a947d-98f1-46ee-81e6-8482cbcdcabc,365.0,674,0.7247311827956989,0.9204372055200785
79d7ca0e-d9bc-49bc-ba2f-13ad77709638,365.0,674,0.7247311827956989,0.9210191895274769
e7a1eb07-3bb0-4f61-9462-263cee433728,365.0,674,0.7247311827956989,0.9216011735348751
33012275-6cfc-4f18-9da1-f32440442a47,364.0,677,0.7279569892473118,0.922181563065541
7e24582c-0d83-4ce5-81fc-aa87aa09c8ee,364.0,677,0.7279569892473118,0.9227619525962067
6b6e0eec-c3fe-4147-9f0c-a256feec3184,363.0,679,0.7301075268817204,0.92334074765014
f941c205-17d2-41ed-ab97-30479080e018,362.0,680,0.7311827956989247,0.9239179482273405
4eb97b81-baf0-41e0-9840-ebf7fe26d231,362.0,680,0.7311827956989247,0.9244951488045411
ffc10e89-66a2-478f-8b8f-14422a8ef4da,362.0,680,0.7311827956989247,0.9250723493817417
a0c23194-18d2-4bb2-8775-7052ec6ca0e8,360.0,683,0.7344086021505376,0.925646361005477
614b6e0a-b047-4b70-8fb1-d6f05673dcba,359.0,684,0.7354838709677419,0.9262187781524798
99ec562c-3ec7-4185-8da5-47430aff8c1f,359.0,684,0.7354838709677419,0.9267911952994826
b98e31e4-d14b-4b79-80b4-6ec5a1407cf4,358.0,686,0.7376344086021506,0.9273620179697528
30a0dcac-332e-4523-a981-0deb075337b7,356.0,687,0.7387096774193549,0.9279296516865577
b9f162b6-77be-47c7-afc0-104f7a36192d,354.0,688,0.7397849462365591,0.9284940964498976
7d255ccf-1210-4e5f-a347-2928a0685a4c,353.0,689,0.7408602150537634,0.9290569467365047
41e97d24-dbd1-4c28-809f-be52a8a64216,352.0,690,0.7419354838709677,0.9296182025463794
4789db71-28ad-4aff-8fd7-91a5458bf88b,352.0,690,0.7419354838709677,0.9301794583562539
c3b9defc-afd3-4670-a9db-88e8aaccac31,352.0,690,0.7419354838709677,0.9307407141661286
8cf2a426-5b90-4cfd-9144-a94f951e09eb,351.0,693,0.7451612903225806,0.9313003754992705
b462ace4-d459-49f4-830c-94c7d9c5c65a,351.0,693,0.7451612903225806,0.9318600368324125
c17d76ca-c6d5-4b03-a89a-48c883076abb,348.0,695,0.7473118279569892,0.9324149147353568
9b389ae0-ad6c-4860-9481-d43a4c317569,348.0,695,0.7473118279569892,0.9329697926383009
8db94591-c98a-4b8f-b65c-f5f0195ec8f7,343.0,697,0.7494623655913979,0.9335166981575821
3382a295-1a64-4018-9d2c-d97abb7de1f8,343.0,697,0.7494623655913979,0.9340636036768634
362f2496-daac-4faf-90c5-5e8e97ecb504,343.0,697,0.7494623655913979,0.9346105091961445
beb0e981-8794-4737-a2f7-eadeb85a984f,342.0,700,0.7526881720430108,0.9351558202386931
181edd8a-b2ef-4d0d-942c-33945571fe7a,342.0,700,0.7526881720430108,0.9357011312812418
72ca9f5e-15f8-470c-a721-45859684844d,341.0,702,0.7548387096774194,0.9362448478470577
fd9a97ca-fb11-4244-84bd-e456d4c30fb5,341.0,702,0.7548387096774194,0.9367885644128738
79dfb3ec-28c5-466f-95b1-73192c14f3f6,339.0,704,0.7569892473118279,0.9373290920252246
34a4c0df-c8df-4d34-b668-69b00db9008d,339.0,704,0.7569892473118279,0.9378696196375754
4ee4b391-8394-4e4f-bcff-f893510f5ba6,338.0,706,0.7591397849462366,0.9384085527731937
284e3a10-393a-4f97-8ba4-7446188fbcb7,335.0,707,0.7602150537634409,0.9389427024786141
20d6a222-cd7d-4fca-aa5f-95c41a6a2deb,335.0,707,0.7602150537634409,0.9394768521840345
ae8c9f77-5eaf-4f83-bc5b-6aa2b6e90b5b,335.0,707,0.7602150537634409,0.940011001889455
87415fca-51fc-4908-9878-4ea1a83df0ff,335.0,707,0.7602150537634409,0.9405451515948754
44228210-13e7-4d05-a15b-fb9a7efc7592,334.0,711,0.7645161290322581,0.9410777068235632
8c4bacb3-06da-4dec-9660-907280766214,332.0,712,0.7655913978494624,0.9416070730987858
82ef43f6-83db-4380-9715-3b523c42ec08,330.0,713,0.7666666666666667,0.9421332504205432
35b02b68-0cd2-43a1-8921-1a50368674f0,325.0,714,0.7677419354838709,0.9426514553586377
826cccbe-7b98-4a8e-b97a-673692d1182e,325.0,714,0.7677419354838709,0.9431696602967321
80ef9e0c-a7d9-4f25-869d-d3ef8fd0a69c,318.0,716,0.7698924731182796,0.9436767038976984
ced494df-bd86-4bf6-92dc-ef69e0eb3674,318.0,716,0.7698924731182796,0.9441837474986646
edfe07d3-04c9-4882-860c-23cbb1544c13,318.0,716,0.7698924731182796,0.9446907910996308
7f90c118-5098-4356-ba00-e0433dd2a62e,314.0,719,0.7731182795698924,0.9451914567936668
6602d849-4252-46d2-a431-16432fd6bb24,311.0,720,0.7741935483870968,0.9456873390575048
e7453f9e-3a99-49fd-b32d-1960c2269eb2,310.0,721,0.7752688172043011,0.9461816268446103
c2bfaac6-2537-4791-81e4-5f9c014a24da,308.0,722,0.7763440860215054,0.9466727256782506
55c06f1e-c7d3-42e8-bcba-d53171150b80,306.0,723,0.7774193548387097,0.9471606355584257
a9015906-a78b-4c7f-b113-067c3e4887d3,302.0,724,0.7784946236559139,0.9476421675316703
24f6be12-8ae3-4f1e-a186-15293a1e7f88,302.0,724,0.7784946236559139,0.9481236995049149
22c87884-fb1f-4f9c-a87a-227099b671b8,302.0,724,0.7784946236559139,0.9486052314781597
0b334179-934f-4b20-a334-949c93fb052c,300.0,727,0.7817204301075269,0.9490835744979391
891e5513-c2df-4d73-a0bc-7329a0948b95,296.0,728,0.7827956989247312,0.9495555396107882
2fb0c496-87a3-4b67-90ed-e45d6f6c6db4,294.0,729,0.7838709677419354,0.9500243157701721
45fde409-4570-4254-8ee9-2e943499998c,294.0,729,0.7838709677419354,0.950493091929556
889c8460-37e6-49e8-87ca-1d961684fa1b,294.0,729,0.7838709677419354,0.9509618680889399
cfb18f52-366e-4817-bbb9-8eca40ed3d4e,293.0,732,0.7870967741935484,0.9514290497715913
19c7c87b-f2d7-451e-aa98-2dcebc623ff1,291.0,733,0.7881720430107527,0.9518930425007773
5885f76a-95f2-417c-b00e-83ac9348b3bd,291.0,733,0.7881720430107527,0.9523570352299634
018d5e04-406a-473a-9369-a3138828674c,290.0,735,0.7903225806451613,0.9528194334824169
46fc4c32-50a9-45f9-8816-bc94ce229ee5,288.0,736,0.7913978494623656,0.9532786427814052
bafb87e0-d205-4e70-b571-d3a072084728,288.0,736,0.7913978494623656,0.9537378520803935
54b28c5a-dd36-4aed-afec-36614f6002b9,287.0,738,0.7935483870967742,0.9541954669026492
db458ab8-ba53-4d74-940a-b62eeab3e513,287.0,738,0.7935483870967742,0.9546530817249049
ce48275d-bb9a-4d0f-8368-200fa60bb73c,286.0,740,0.7956989247311828,0.955109102070428
62b6c21c-5bfc-4da9-9df6-29dad69f60b2,285.0,741,0.7967741935483871,0.9555635279392185
cc74aadd-80a4-45fd-b230-b295b4786628,284.0,742,0.7978494623655914,0.9560163593312765
99be0c83-5c09-42fb-a4cb-0bb1a8993ba7,284.0,742,0.7978494623655914,0.9564691907233344
6d2c7335-50f0-4f13-baf9-f32413b44c7a,276.0,744,0.8,0.9569092663015315
55f9296b-668f-47c9-ba61-d6a7a3d66dfa,276.0,744,0.8,0.9573493418797286
522de15e-b412-4bb9-b435-f1466787ef90,275.0,746,0.8021505376344086,0.9577878229811931
fd9a466a-80f5-4cb8-ad75-dc54089d9008,274.0,747,0.8032258064516129,0.9582247096059251
fa5b1ae5-1cf4-4e0b-ba61-60b76484e141,270.0,748,0.8043010752688172,0.9586552183237266
1f39b077-48c5-40eb-bbea-193202c1e702,270.0,748,0.8043010752688172,0.9590857270415282
9909bd02-7621-4fee-9919-92f94d036591,265.0,750,0.8064516129032258,0.9595082633756666
edab6822-3085-4e94-b6c9-3bd199149e5b,265.0,750,0.8064516129032258,0.9599307997098052
62fc405a-6242-451e-b0c9-029c173e2e1e,265.0,750,0.8064516129032258,0.9603533360439438
7e362438-38b6-4971-8fcd-680aa54f780f,264.0,753,0.8096774193548387,0.9607742779013497
6f0301bc-aff8-465e-b790-95edf2f88528,264.0,753,0.8096774193548387,0.9611952197587557
55b37d46-c86a-4846-943b-2ebbb44c4e49,263.0,755,0.8118279569892473,0.961614567139429
a77262e1-631b-4163-8d07-623a27571c30,254.0,756,0.8129032258064516,0.962019564229509
36f10555-e385-465d-813c-8b80ed6e53fa,252.0,757,0.8139784946236559,0.9624213723661238
3661ce7d-3464-402a-a4ff-7f1a2e313f66,248.0,758,0.8150537634408602,0.9628168025958082
8df0e5ef-61a4-45dc-9676-655b3fd78bbf,247.0,759,0.8161290322580645,0.9632106383487599
71e052a5-20b9-48a9-bf21-4be1ee5b41a0,246.0,760,0.8172043010752689,0.963602879624979
5beda7b4-5ba3-4bfe-956e-3576ea04fa97,244.0,761,0.8182795698924731,0.963991931947733
b07f6138-c8c9-4a33-b9c9-1fa88d595722,241.0,762,0.8193548387096774,0.9643762008402892
62389836-a47c-44b4-ab21-39bde62d6d9f,240.0,763,0.8204301075268817,0.9647588752561128
862c281d-d831-411d-aed9-6ae0724e1994,239.0,764,0.821505376344086,0.9651399551952038
08fabaaa-c34d-4e20-830f-bf16fc5d9440,239.0,764,0.821505376344086,0.9655210351342948
d6989434-15dc-4f5a-8d4e-e2ca6070cba6,238.0,766,0.8236559139784946,0.9659005205966532
81bf039a-be06-4212-a9ff-eb0bf17bbebf,236.0,767,0.8247311827956989,0.9662768171055464
227a0eb9-3703-4a55-a34f-00c1ccddf685,235.0,768,0.8258064516129032,0.966651519137707
602f8b7b-76b1-42bc-a8c5-d424e17f1942,235.0,768,0.8258064516129032,0.9670262211698676
e1962882-88c4-481a-ab6f-047f298b7308,231.0,770,0.8279569892473119,0.9673945452950978
ced29fea-7ffb-4db9-8011-f10bf29c83c8,227.0,771,0.8290322580645161,0.9677564915133976
a8659790-8735-469f-8a32-2ec9ca58accf,227.0,771,0.8290322580645161,0.9681184377316974
a3bc8923-5ca6-4f17-8730-00fbda6bb407,226.0,773,0.8311827956989247,0.9684787894732646
62e729f8-7b53-46f5-a018-6bbf909e421f,225.0,774,0.832258064516129,0.9688375467380992
043de202-17cc-4a10-90dd-167c635972f9,225.0,774,0.832258064516129,0.9691963040029339
7487703c-61ee-4cf3-8e72-deb3013e325c,224.0,776,0.8344086021505376,0.9695534667910358
9c097559-177e-4bf8-a151-5162595d85c9,222.0,777,0.8354838709677419,0.9699074406256727
3497f227-86f4-4fff-9b28-d7b308bbff83,218.0,778,0.8365591397849462,0.9702550365533791
dc18fe5d-7887-40d3-926a-c07a451157ae,218.0,778,0.8365591397849462,0.9706026324810855
0a74bb41-a1a7-4cbb-be47-04b16631aba6,218.0,778,0.8365591397849462,0.970950228408792
e78734a9-1507-4755-a1ac-e7524fcad854,218.0,778,0.8365591397849462,0.9712978243364984
7cfb2066-d781-49d5-be3e-2ee1de3810e2,218.0,778,0.8365591397849462,0.9716454202642048
19bc03d2-061b-4ce4-a1d8-b9c12f1a977b,217.0,783,0.8419354838709677,0.9719914217151786
f76fe5f7-44d3-4b2c-9f07-96d6a14c4fa7,215.0,784,0.843010752688172,0.9723342342126873
2d3aada2-db73-434d-9d06-8429ce7cd32f,215.0,784,0.843010752688172,0.9726770467101958
723570a4-baff-4df2-b15e-c22d928bf2a9,214.0,786,0.8451612903225807,0.9730182647309719
ab3076af-62c7-4e55-a26f-99b089ca860c,214.0,786,0.8451612903225807,0.973359482751748
0bc5dbc8-b309-464e-8f10-c4e9e9acfa98,213.0,788,0.8473118279569892,0.9736991062957914
581060bd-df04-4f03-9683-60613ed63212,211.0,789,0.8483870967741935,0.9740355408863696
c2d5cee5-3a98-47ca-bfb0-e1c758025950,211.0,789,0.8483870967741935,0.9743719754769479
e9721680-f06d-4404-9203-737f3584c404,211.0,789,0.8483870967741935,0.9747084100675261
0199a46f-374a-42ca-b8d9-0e5db49ae9a5,210.0,792,0.8516129032258064,0.9750432501813717
6bf54eea-be65-4b6e-973e-7b3224430bea,208.0,793,0.8526881720430107,0.9753749013417522
1556600a-39d3-4899-b162-2771e29b7b28,207.0,794,0.853763440860215,0.9757049580254
2c18b958-dd71-4fef-90d6-e70d02f1f730,206.0,795,0.8548387096774194,0.9760334202323152
7427518c-4332-4c7e-9039-996bb3347c77,205.0,796,0.8559139784946237,0.9763602879624979
e26d14d5-f6c8-4c4d-9646-86bc0738e4b5,205.0,796,0.8559139784946237,0.9766871556926806
cefeba37-e661-4f83-b546-bf334a78e57a,205.0,796,0.8559139784946237,0.9770140234228633
9ff3d4ca-e70b-4740-a7da-a9431da9fc7f,204.0,799,0.8591397849462366,0.9773392966763133
cfc0dafc-79a1-4c7d-a803-bc4eeea04bcc,201.0,800,0.8602150537634409,0.9776597864995655
3b950071-2173-4116-b30b-db85104f90db,200.0,801,0.8612903225806452,0.9779786818460852
54f01679-e2b4-40c8-bba1-68f9d8953840,193.0,802,0.8623655913978494,0.9782864158554766
7753e17a-87a6-4200-916d-176abffb75b3,193.0,802,0.8623655913978494,0.9785941498648681
a221098f-b1ef-4c19-849e-0aeb8871fc22,193.0,802,0.8623655913978494,0.9789018838742596
684e08da-b7c1-454d-aa7c-124fd40505f9,193.0,802,0.8623655913978494,0.979209617883651
026e7f66-76da-4476-931f-a1eaf7cd3dc8,192.0,806,0.8666666666666667,0.9795157574163099
024644bc-55ab-4fac-8197-565ec2bcc20e,190.0,807,0.867741935483871,0.9798187079955035
03f90902-84c0-4980-861f-2be53ec83fc0,188.0,808,0.8688172043010752,0.9801184696212321
f4595d12-3a7f-448c-910b-71f52af1185a,188.0,808,0.8688172043010752,0.9804182312469605
8b7c462b-ada3-46a3-a6fe-84ebb8a5a27f,187.0,810,0.8709677419354839,0.9807163983959564
14d77975-f0e5-4b96-b76d-74c2c2469878,186.0,811,0.8720430107526882,0.9810129710682197
1c5c9318-c630-4094-881e-651f413ba984,176.0,812,0.8731182795698925,0.9812935989731569
ee762853-7ac0-4b1a-8d2e-ee9d6b681e91,176.0,812,0.8731182795698925,0.9815742268780943
01471d11-220c-47b4-8d88-615eccc95fa1,173.0,814,0.875268817204301,0.9818500713528338
213542d8-265b-4f3c-84e7-8705be78dfc3,173.0,814,0.875268817204301,0.9821259158275732
d6e9fd08-71d6-4e24-8d73-df7d2dcea6bd,172.0,816,0.8774193548387097,0.9824001658255802
128761a4-04a7-40dc-968c-74721956169c,172.0,816,0.8774193548387097,0.982674415823587
c9fe297d-0773-4edd-9658-89cf719fb14e,170.0,818,0.8795698924731182,0.9829454768681288
676704e0-8cd8-41f4-b927-4d6b2c3ee726,169.0,819,0.8806451612903226,0.983214943435938
959511a8-d373-4797-a07d-536acde7cfe1,169.0,819,0.8806451612903226,0.983484410003747
e4eb6a14-7924-4315-aa9a-6c8214dc4a83,169.0,819,0.8806451612903226,0.9837538765715561
67dfead1-c9b5-4ee7-bc04-71fbd2182004,169.0,819,0.8806451612903226,0.9840233431393652
9fa3027f-1166-435f-a375-c3d0a3bc4377,168.0,823,0.8849462365591397,0.9842912152304417
5856ba5b-5bbf-49f5-9580-af26879f059c,167.0,824,0.886021505376344,0.9845574928447857
8f83b5a9-a884-4975-b9a1-a5bac78f6dba,165.0,825,0.8870967741935484,0.9848205815056644
1fc34b85-9df2-4327-9002-398f337e8016,164.0,826,0.8881720430107527,0.9850820756898105
f99303b3-a8f6-4d69-8ea1-56523aa771b8,163.0,827,0.889247311827957,0.985341975397224
ef3e7c57-3787-4d29-aed9-68b0adca3b06,162.0,828,0.8903225806451613,0.985600280627905
993d43d5-d244-408e-b457-4b1fdd1f7984,161.0,829,0.8913978494623656,0.9858569913818532
d6f53838-253f-4ad9-b14d-df4b650f689a,159.0,830,0.8924731182795699,0.9861105131823363
462c6c94-c866-4329-9de0-44132b487b72,157.0,831,0.8935483870967742,0.9863608460293544
352deb65-8b73-40e5-8ddf-138e1d5ee93b,155.0,832,0.8946236559139785,0.9866079899229071
94cb4b3e-29ce-4553-aae6-cc72ce7d8c81,155.0,832,0.8946236559139785,0.9868551338164597
37eb3af8-53de-4970-8057-e767ef1d09ab,155.0,832,0.8946236559139785,0.9871022777100125
70abf7c2-e661-4179-b591-f61fda25baf0,153.0,835,0.8978494623655914,0.9873462326501
8fbac877-b19c-4805-8a7f-2f264498be03,149.0,836,0.8989247311827957,0.9875838096832572
518b263b-b45f-4f76-a597-032e74b05404,147.0,837,0.9,0.9878181977629491
be2e799e-6504-47da-8ad9-076063a18f6c,146.0,838,0.9010752688172043,0.9880509913659085
700b62a6-005c-4963-8eef-4a4d689dd573,145.0,839,0.9021505376344086,0.9882821904921353
be080dcb-1819-4619-b678-da8b7617e76d,145.0,839,0.9021505376344086,0.988513389618362
3b20b824-e5bd-4a4d-b9e0-bc53e5936357,145.0,839,0.9021505376344086,0.9887445887445887
302f0f55-c6f6-471e-accc-8f2a86a47fd2,144.0,842,0.9053763440860215,0.9889741933940829
aae37833-49ca-4b40-885f-7fae83bc3b7d,143.0,843,0.9064516129032258,0.9892022035668444
81dbe19c-c4ab-4dc3-ac1a-73b0fb296c17,143.0,843,0.9064516129032258,0.989430213739606
866e2da5-34e6-471e-a2ac-e3d7fc79a51a,143.0,843,0.9064516129032258,0.9896582239123676
f04fd524-efee-4c02-9255-4343941eab63,141.0,846,0.9096774193548387,0.9898830451316639
86a354a9-862d-425e-b3cf-b7b959beef4d,141.0,846,0.9096774193548387,0.9901078663509603
758e9541-3b2b-4aa2-9f3a-028bfb499979,141.0,846,0.9096774193548387,0.9903326875702566
a24b2d14-9021-444a-a1a8-2c9f4c8d884d,141.0,846,0.9096774193548387,0.990557508789553
035f8c5e-36fb-45c1-8724-a7d27404f1bc,136.0,850,0.9139784946236559,0.9907743576251864
490815a0-a4f5-432c-9049-e0e8ca035508,133.0,851,0.9150537634408602,0.9909864230306219
896f7bfe-c210-4b28-8dfa-a06f6873469d,132.0,852,0.9161290322580645,0.9911968939593249
9f53eded-dc47-4816-b8ee-9281e573954f,129.0,853,0.9172043010752688,0.9914025814578301
5f310ca7-a434-4162-b64c-685202051e1f,127.0,854,0.9182795698924732,0.9916050800028701
a951fb65-051b-4659-9851-c21ea72db420,126.0,855,0.9193548387096774,0.9918059840711775
15a4f1a8-1df2-48f0-9de5-49d6a9fb1ed4,126.0,855,0.9193548387096774,0.9920068881394848
c93a9198-b370-43c5-b9ad-4906759c6284,125.0,857,0.921505376344086,0.9922061977310596
d8ebe33c-936e-41b2-9589-477f3c267f13,123.0,858,0.9225806451612903,0.9924023183691691
5775715c-c412-4137-88fa-6e6f7987430b,123.0,858,0.9225806451612903,0.9925984390072787
7545bbdd-e838-4484-8635-ef981cbf72d1,122.0,860,0.9247311827956989,0.9927929651686558
822c6460-0c04-4514-9800-d59144bad947,121.0,861,0.9258064516129032,0.9929858968533002
8883cf10-75eb-49ef-af0e-ebbaa1a28a1c,117.0,862,0.9268817204301075,0.9931724506310141
8783168d-6f56-4222-b0de-ea2b53b7a0ac,115.0,863,0.9279569892473118,0.993355815455263
8fb0da6c-0a05-4ebb-950b-b7952296e708,115.0,863,0.9279569892473118,0.9935391802795118
525cf8b6-4f4e-494e-96d8-9cf9f74b3528,114.0,865,0.9301075268817204,0.9937209506270279
4384d23d-e904-49a9-a010-7c1309c089f3,114.0,865,0.9301075268817204,0.9939027209745441
595960a2-a181-4710-be5f-9ec5ab089d0c,113.0,867,0.932258064516129,0.9940828968453278
9a18cf80-b111-4b3b-a0c9-4cb384aa2562,108.0,868,0.9333333333333333,0.9942551003324483
fb0cdf34-d8b2-4510-b7b0-b32f48ff4080,108.0,868,0.9333333333333333,0.994427303819569
44cb7c5f-10d3-4e3e-b16b-8b1d68619c1e,102.0,870,0.9354838709677419,0.994589940446294
bcc17367-8430-48b1-a838-5f85baffc7e1,102.0,870,0.9354838709677419,0.9947525770730191
cf1e74cb-df8d-404e-8d65-5928b51090e9,101.0,872,0.9376344086021505,0.9949136192230115
34ccacb5-4bda-4a4c-8140-dccd8761d568,101.0,872,0.9376344086021505,0.9950746613730039
affe1c27-8073-41dd-aa0f-ecb39deaf11a,99.0,874,0.9397849462365592,0.9952325145695311
01db7e73-d9b8-4bc0-894c-75a00f9ebc7b,98.0,875,0.9408602150537635,0.9953887732893257
a15dd782-c004-4019-ae17-4bc47b8f0e35,98.0,875,0.9408602150537635,0.9955450320091204
cb6a191e-4e20-4f51-aafe-3d3e3ab90fde,97.0,877,0.943010752688172,0.9956996962521825
c3f860d0-cb53-42b7-b356-42b2a6025bb0,93.0,878,0.9440860215053763,0.9958479825883141
09db2f33-464d-46a0-bedd-0108d4d3a71c,91.0,879,0.9451612903225807,0.9959930799709805
dac6a745-7f69-4989-b73f-ec51b4d244ab,90.0,880,0.946236559139785,0.9961365828769144
c5e593a5-4739-4889-ad9e-a22006424be1,88.0,881,0.9473118279569892,0.996276896829383
01e36b22-0ac0-4dd3-9224-75054ef9c247,88.0,881,0.9473118279569892,0.9964172107818516
684d7ece-72fb-408f-82f4-e1f1099469b1,87.0,883,0.9494623655913978,0.9965559302575877
a10742f2-eda8-41a2-a35d-3bca73c80b13,86.0,884,0.9505376344086022,0.9966930552565911
4fce82ca-cfc6-45a3-b489-3e485d70cf42,79.0,885,0.9516129032258065,0.9968190189184665
f9a05312-55e1-4008-83ea-e2f67b3f01a4,78.0,886,0.9526881720430107,0.996943388103609
bfc467f9-c2cd-49ee-bca4-5408bddb99bd,77.0,887,0.953763440860215,0.9970661628120192
e3516f63-d1a2-4453-bbac-ce19264ac9ce,76.0,888,0.9548387096774194,0.9971873430436966
b80b0ff1-f58f-49f9-97a9-47368f5f5c73,72.0,889,0.9559139784946237,0.9973021453684437
c3740ab9-bc16-49c6-a1ff-c142f39b24ee,71.0,890,0.956989247311828,0.9974153532164581
8a4d2a6f-a656-49cc-8e3a-93bffdd2cafe,71.0,890,0.956989247311828,0.9975285610644726
3345c932-e4f8-4773-9bcf-4907d8fdb165,70.0,892,0.9591397849462365,0.9976401744357546
2098b3ef-e95f-4967-ae56-b021426fd04a,69.0,893,0.9602150537634409,0.9977501933303038
f598ed46-3a0c-407f-a445-d01195a02ee2,67.0,894,0.9612903225806452,0.9978570232713879
223a8203-a54b-4caa-8e23-b98f30159ed9,66.0,895,0.9623655913978495,0.9979622587357394
57c027a2-10cd-41ab-ab39-39596c050b58,66.0,895,0.9623655913978495,0.9980674942000909
a1fa7e0c-f4df-4d3e-a291-3f65c458c55f,63.0,897,0.964516129032258,0.9981679462342445
b4501405-4fc6-4f01-b0c0-d4e43df4154c,62.0,898,0.9655913978494624,0.9982668037916657
91c8f943-6ffe-4653-b743-b2b7b09e7c3e,60.0,899,0.9666666666666667,0.9983624723956216
f8a7b7a7-5ff6-412d-82c1-6885e5c4a4da,60.0,899,0.9666666666666667,0.9984581409995774
3ee44fcc-ec2c-4db3-b058-1c37ccf8b296,60.0,899,0.9666666666666667,0.9985538096035333
ae82af32-20f2-4f63-ba76-9f29d416a790,55.0,902,0.9698924731182795,0.9986415058238263
8c323ccd-4d0e-4e0f-83d0-38aca58110b5,55.0,902,0.9698924731182795,0.9987292020441192
8cd243b1-f4c4-4990-a4bd-05b96eb0dbb7,54.0,904,0.9720430107526882,0.9988153037876795
d1bc2e5c-3b80-45ca-832c-b2efe5d56ee6,54.0,904,0.9720430107526882,0.9989014055312397
ec2417fa-3817-415a-87b2-22ab2a887525,51.0,906,0.9741935483870968,0.9989827238446023
0064e8a8-7562-4d61-bb4a-5175ca2fdbac,46.0,907,0.975268817204301,0.9990560697743018
cf9e333f-e1c0-4abb-b5f6-b4c9eaf7f111,43.0,908,0.9763440860215054,0.9991246322738035
d0681a9e-1a80-4904-af7f-e374cdfe25a8,37.0,909,0.9774193548387097,0.9991836279129097
987c9aad-8623-437b-a09d-ca8a48503c47,36.0,910,0.978494623655914,0.9992410290752832
8639c6d8-9152-414d-a514-4196fdc7fd7b,35.0,911,0.9795698924731183,0.9992968357609242
fa35f937-3c97-4816-81d2-cc0eb964fe52,35.0,911,0.9795698924731183,0.9993526424465651
5dcfbb01-79e1-4694-874c-14e3fb2efdf5,34.0,913,0.9817204301075269,0.9994068546554734
07a3aedf-00bd-47dd-bc0b-cbcd44b0b818,33.0,914,0.9827956989247312,0.9994594723876492
03a9aeb1-67d5-4324-a74d-dcef951b8c75,32.0,915,0.9838709677419355,0.9995104956430924
eaaa63bb-bb71-4942-808f-d978f209a0d7,32.0,915,0.9838709677419355,0.9995615188985355
8db2a61b-9e1b-4227-b960-66133aa40df2,32.0,915,0.9838709677419355,0.9996125421539787
be6cb1b1-17f4-4286-a071-5ebc349b7717,29.0,918,0.9870967741935484,0.999658781979224
a451d319-8271-4a18-b3a2-5063822bbf8b,28.0,919,0.9881720430107527,0.9997034273277368
4fb6911d-993f-4176-8c67-d71fcee47253,27.0,920,0.989247311827957,0.9997464781995169
aef6952c-7c3b-4780-9dda-2f795d350e7a,24.0,921,0.9903225806451613,0.9997847456410992
fe5dfa9b-16ec-4bf5-b910-b7eff0ade368,20.0,922,0.9913978494623656,0.9998166351757511
057c975e-9f23-4593-b959-4bd2215fe639,19.0,923,0.9924731182795699,0.9998469302336705
4d7527a9-6dc6-4b8e-a50c-b900460f0eec,19.0,923,0.9924731182795699,0.99987722529159
ff4c895c-17ab-4f38-bc94-f3f584a51761,18.0,925,0.9946236559139785,0.9999059258727767
8482b1c8-b296-463b-9abc-143e53e2f161,17.0,926,0.9956989247311828,0.9999330319772308
dc7755a1-38b3-4b3e-a7c0-1bea550a0631,17.0,926,0.9956989247311828,0.999960138081685
864b3c0c-41ce-4ff3-9ad4-1d4eea9042ec,10.0,928,0.9978494623655914,0.9999760828490111
70489c3d-94b7-4385-9406-a7889f8b97cf,10.0,928,0.9978494623655914,0.999992027616337
bf467f40-51cd-4773-b463-cce4999a5558,5.0,930,1.0,1.0
